LATITUDE,LONGITUDE,FIRE_YEAR,FIRE_SIZE,STATE
40.03694444,-121.0058333,2005,0.1,CA
38.93305556,-120.4044444,2004,0.25,CA
38.98416667,-120.7355556,2004,0.1,CA
38.55916667,-119.9133333,2004,0.1,CA
38.55916667,-119.9330556,2004,0.1,CA
38.63527778,-120.1036111,2004,0.1,CA
38.68833333,-120.1533333,2004,0.1,CA
40.96805556,-122.4338889,2005,0.8,CA
41.23361111,-122.2833333,2005,1,CA
38.54833333,-120.1491667,2004,0.1,CA
38.69166667,-120.1597222,2004,0.1,CA
38.5275,-120.1061111,2004,0.1,CA
38.78666667,-120.1933333,2004,0.1,CA
38.43333333,-120.51,2004,6,CA
38.67583333,-120.2797222,2004,0.2,CA
38.56416667,-120.5422222,2004,0.1,CA
38.52333333,-120.2116667,2004,16823,CA
38.78,-120.26,2004,7700,CA
38.945,-120.4116667,2004,0.1,CA
33.44083333,-105.7205556,2004,0.1,NM
33.30722222,-105.6286111,2004,0.1,NM
33.44444444,-105.7680556,2004,0.1,NM
33.55944444,-105.7661111,2004,0.1,NM
33.30805556,-105.5261111,2004,0.25,NM
33.54527778,-105.2294444,2004,2.5,NM
33.31583333,-105.5122222,2004,10,NM
33.44444444,-105.6311111,2004,8.2,NM
33.36805556,-105.5072222,2004,0.1,NM
33.38527778,-105.6386111,2004,0.25,NM
33.38277778,-105.7002778,2004,0.25,NM
33.37972222,-105.6802778,2004,0.1,NM
43.99555556,-121.4141667,2005,0.1,OR
33.49666667,-105.7397222,2004,0.1,NM
33.41777778,-105.7075,2004,0.1,NM
33.25527778,-105.6261111,2004,0.1,NM
44.04333333,-121.3861111,2005,0.1,OR
35.22833333,-82.88444444,2005,0.6,NC
35.00027778,-83.35111111,2005,50.3,NC
35.93166667,-81.71666667,2005,0.1,NC
36.00166667,-81.59,2005,125,NC
35.985,-81.85166667,2005,25,NC
35.9,-81.68333333,2005,3,NC
36.035,-81.585,2005,10,NC
43.95555556,-121.3522222,2005,0.1,OR
42.35472222,-105.5055556,2005,0.25,WY
35.00138889,-83.38416667,2005,10,NC
44.91111111,-119.6961111,2005,5,OR
39.29222222,-105.1830556,2005,0.5,CO
43.72527778,-121.5741667,2005,0.1,OR
44.41,-121.3155556,2005,0.1,OR
42.13388889,-121.2341667,2005,0.1,OR
42.31138889,-120.9027778,2005,0.1,OR
42.95083333,-120.8361111,2005,0.1,OR
44.81611111,-107.3311111,2005,0.1,WY
46.22083333,-117.785,2005,0.3,WA
42.38694444,-120.8086111,2005,0.1,OR
42.51472222,-121.12,2005,2,OR
48.92194444,-115.0925,2005,0.5,MT
48.99833333,-115.1655556,2005,9,MT
42.92138889,-121.0308333,2005,0.1,OR
47.66555556,-115.5691667,2005,5,MT
38.91333333,-105.9836111,2005,0.2,CO
39.10027778,-106.3675,2005,0.1,CO
40.08888889,-111.3783333,2005,0.1,UT
48.89944444,-115.1069444,2005,2,MT
48.90694444,-115.0766667,2005,0.1,MT
48.40777778,-115.5583333,2005,0.1,MT
48.40777778,-115.5577778,2005,0.1,MT
42.30277778,-120.5436111,2005,0.1,OR
42.13694444,-120.7016667,2005,0.5,OR
48.96666667,-115.2066667,2005,17,MT
48.96444444,-115.1858333,2005,0.1,MT
48.89444444,-115.1652778,2005,3,MT
48.81694444,-115.1113889,2005,0.25,MT
48.9625,-115.0855556,2005,0.1,MT
35.23638889,-112.2163889,2005,0.5,AZ
41.03722222,-123.5330556,2005,0.1,CA
44.33555556,-106.9519444,2005,0.25,WY
45.55444444,-118.1019444,2005,0.1,OR
48.28222222,-115.5105556,2005,0.1,MT
48.41666667,-115.5461111,2005,0.1,MT
48.34888889,-115.4908333,2005,0.1,MT
48.40833333,-115.5583333,2005,0.1,MT
32.56055556,-109.7725,2005,0.1,AZ
48.22805556,-115.4802778,2005,0.3,MT
32.46722222,-104.9416667,2005,45.6,NM
32.68555556,-109.8691667,2005,0.5,AZ
34.17444444,-117.765,2005,0.1,CA
34.15388889,-117.8411111,2005,0.5,CA
44.98861111,-118.9388889,2005,0.1,OR
38.98388889,-120.8025,2005,0.1,CA
44.01277778,-103.3825,2005,0.1,SD
36.01666667,-106.7166667,2005,0.1,NM
42.62083333,-120.845,2005,0.1,OR
32.75361111,-109.8313889,2005,0.1,AZ
38.70027778,-119.8405556,2005,0.1,CA
38.45361111,-119.4586111,2005,0.01,CA
36.66944444,-107.2536111,2005,0.1,NM
36.87638889,-107.2191667,2005,0.25,NM
48.45833333,-115.6666667,2005,0.1,MT
48.40833333,-115.5583333,2005,0.1,MT
48.76666667,-114.8783333,2005,1.2,MT
48.41472222,-115.5480556,2005,0.1,MT
48.40833333,-115.5583333,2005,0.1,MT
43.64527778,-109.9125,2005,0.1,WY
33.66666667,-117.3763889,2005,0.1,CA
38.35361111,-119.3780556,2005,0.1,CA
34.65472222,-94.28638889,2005,0.1,AR
38.17916667,-118.7116667,2005,0.25,NV
33.71888889,-117.4336111,2005,10,CA
37.04416667,-119.3438889,2005,0.1,CA
38.25555556,-118.4861111,2005,80,NV
43.99138889,-118.7327778,2005,1,OR
43.065,-103.6605556,2005,0.61,SD
37.345,-102.8058333,2005,80,CO
48.40777778,-115.5577778,2005,0.1,MT
43.89916667,-102.9547222,2005,119,SD
43.89277778,-102.9480556,2005,119,SD
43.78333333,-119,2005,0.1,OR
46.08055556,-117.8908333,2005,0.1,WA
35.95,-106.7166667,2005,0.1,NM
35.91666667,-106.8,2005,0.1,NM
36.03333333,-106.9833333,2005,0.1,NM
48.83083333,-115.6763889,2005,0.1,MT
48.53888889,-115.9347222,2005,0.9,MT
48.84694444,-115.6622222,2005,15.4,MT
43.80888889,-118.7275,2005,0.25,OR
43.72472222,-119.6605556,2005,0.06,OR
43.77222222,-119.6597222,2005,0.1,OR
43.81166667,-119.6866667,2005,0.01,OR
43.83583333,-119.7413889,2005,0.25,OR
36.69166667,-107.3858333,2005,1,NM
38.83972222,-119.8863889,2005,0.5,CA
36.87138889,-107.2477778,2005,0.1,NM
39.64972222,-119.8666667,2005,0.1,NV
36.88388889,-107.2908333,2005,0.1,NM
36.93472222,-107.3497222,2005,30,NM
36.74194444,-107.2125,2005,0.1,NM
36.65944444,-107.1963889,2005,0.5,NM
36.64583333,-107.2269444,2005,0.5,NM
36.09666667,-106.1616667,2005,0.1,NM
48.305,-115.5416667,2005,0.1,MT
48.40805556,-115.5583333,2005,0.1,MT
48.40805556,-115.5080556,2005,0.1,MT
45.1,-109.3125,2004,0.1,MT
48.41944444,-115.6577778,2005,0.3,MT
35.76888889,-118.4352778,2005,0.1,CA
39.11666667,-119.845,2005,1,NV
35.70111111,-105.7091667,2005,0.75,NM
38.22666667,-119.3466667,2005,0.1,CA
38.60222222,-119.4297222,2005,3,NV
44.48861111,-111.2561111,2005,0.1,ID
38.16888889,-119.3169444,2005,0.1,CA
36.92277778,-107.2363889,2005,0.5,NM
34.74833333,-119.4102778,2005,3,CA
35.88361111,-121.4569444,2005,0.1,CA
36.21805556,-121.4991667,2005,0.1,CA
36.44833333,-121.5827778,2005,0.1,CA
38.29444444,-119.54,2005,0.5,CA
38.22222222,-119.3869444,2005,0.1,CA
38.3575,-119.3611111,2005,0.1,CA
36.90972222,-107.2558333,2005,0.2,NM
36.94111111,-107.32,2005,0.1,NM
37.53055556,-118.6272222,2005,0.1,CA
37.515,-118.5983333,2005,0.1,CA
48.40777778,-115.4752778,2005,0.1,MT
48.4075,-115.5586111,2005,0.1,MT
39.08555556,-119.8741667,2005,0.5,NV
42.73638889,-112.3844444,2005,0.1,ID
43.84527778,-119.3658333,2005,0.25,OR
37.94027778,-120.1216667,2005,2,CA
38.76388889,-119.8538889,2005,0.1,CA
42.83972222,-112.1766667,2005,0.1,ID
42.69138889,-112.3686111,2005,0.1,ID
42.73638889,-112.0722222,2005,0.1,ID
39.47972222,-119.8513889,2005,1,NV
33.36861111,-108.6005556,2005,0.1,NM
34.46666667,-119.8283333,2005,4.2,CA
35.13583333,-120.0025,2005,90,CA
34.855,-119.0738889,2005,0.1,CA
34.49638889,-119.8511111,2005,0.1,CA
36.2425,-121.5511111,2005,0.3,CA
36.2425,-121.5480556,2005,0.1,CA
34.47138889,-119.195,2005,1,CA
34.45166667,-110.6661111,2005,0.1,AZ
34.36361111,-110.4041667,2005,0.1,AZ
33.71611111,-111.2177778,2005,2,AZ
33.95972222,-111.3980556,2005,2,AZ
33.72333333,-111.275,2005,16100,AZ
36.89972222,-107.2944444,2005,0.1,NM
36.9,-107.3280556,2005,0.1,NM
36.91833333,-107.3527778,2005,0.1,NM
48.35194444,-115.3625,2005,0.1,MT
36.86388889,-107.265,2005,0.1,NM
48.40833333,-115.5583333,2005,0.1,MT
41.26416667,-111.7958333,2005,0.1,UT
33.62138889,-111.2030556,2005,0.1,AZ
48.05944444,-90.3375,2005,0.25,MN
36.93472222,-107.3411111,2005,0.1,NM
33.83972222,-109.115,2005,2,AZ
34.40527778,-111.0275,2005,5.5,AZ
47.7675,-91.9475,2005,0.1,MN
33.83666667,-109.3608333,2005,0.1,AZ
35.63833333,-118.2811111,2005,0.3,CA
47.94027778,-91.85166667,2005,0.2,MN
38.89111111,-105.4319444,2005,2.5,CO
47.89833333,-91.86861111,2005,0.1,MN
35.64694444,-118.4636111,2005,0.25,CA
47.89805556,-91.87111111,2005,0.1,MN
34.54166667,-110.9025,2005,7.2,AZ
35.66305556,-118.4436111,2005,0.25,CA
35.70222222,-118.4536111,2005,1.1,CA
38.65861111,-119.7513889,2005,0.25,CA
47.91805556,-91.90194444,2005,0.25,MN
35.67861111,-118.4094444,2005,0.1,CA
34.53055556,-111.0127778,2005,8.7,AZ
33.70861111,-109.4736111,2005,0.1,AZ
35.64972222,-118.4163889,2005,0.25,CA
38.67055556,-119.7672222,2005,0.1,CA
35.695,-118.4602778,2005,0.1,CA
33.71444444,-109.4394444,2005,0.1,AZ
35.64138889,-118.3366667,2005,2.5,CA
33.81555556,-109.3213889,2005,0.1,AZ
38.35,-119.35,2005,0.1,CA
38.29888889,-119.5652778,2005,0.1,CA
35.68166667,-118.4588889,2005,2.1,CA
38.05444444,-119.2519444,2005,0.1,CA
33.66,-109.355,2005,0.1,AZ
35.45805556,-118.7830556,2005,0.1,CA
38.57361111,-119.5547222,2005,89,CA
33.63361111,-109.47,2005,0.1,AZ
35.46444444,-118.7563889,2005,0.1,CA
38.35111111,-119.3272222,2005,0.1,CA
38.35027778,-119.3308333,2005,0.1,CA
38.34444444,-119.3333333,2005,0.1,CA
38.65555556,-119.3888889,2005,0.1,NV
39.11583333,-119.8875,2005,0.1,NV
39.22027778,-119.8497222,2005,0.25,NV
39.11055556,-119.8597222,2005,0.5,NV
47.54277778,-94.59638889,2005,0.23,MN
47.54138889,-94.57361111,2005,1.06,MN
47.59888889,-94.53916667,2005,0.37,MN
47.53527778,-94.50027778,2005,0.24,MN
47.5625,-94.64833333,2005,1.2,MN
38.1975,-118.7302778,2005,0.1,NV
38.17333333,-118.7138889,2005,0.1,NV
33.76555556,-109.175,2005,0.1,AZ
34.45555556,-110.7580556,2005,6,AZ
38.64444444,-119.4472222,2005,0.1,NV
33.81861111,-109.2983333,2005,0.1,AZ
38.64444444,-119.4472222,2005,0.1,NV
34.20055556,-110.04,2005,0.5,AZ
38.65555556,-119.3938889,2005,0.25,NV
33.72777778,-109.3547222,2005,0.75,AZ
34.49833333,-110.6344444,2005,0.1,AZ
47.3175,-93.93388889,2005,3.1,MN
34.40916667,-111.0088889,2005,0.1,AZ
34.21111111,-109.9277778,2005,0.1,AZ
34.00111111,-109.2547222,2005,0.4,AZ
47.35444444,-94.17194444,2005,1.03,MN
34.31777778,-110.1691667,2005,0.1,AZ
34.15083333,-109.91,2005,0.2,AZ
47.35444444,-94.17222222,2005,0.41,MN
34.55888889,-110.9669444,2005,0.5,AZ
47.32638889,-93.93694444,2005,0.25,MN
34.45,-110.75,2005,3.8,AZ
47.25305556,-93.91027778,2005,1.5,MN
34.10416667,-109.4952778,2005,0.8,AZ
47.48166667,-93.67138889,2005,12,MN
34.16166667,-109.9391667,2005,0.2,AZ
33.83388889,-109.385,2005,0.1,AZ
34.16416667,-109.9286111,2005,0.25,AZ
34.33583333,-110.835,2005,0.8,AZ
47.54972222,-93.97694444,2005,0.1,MN
39.61472222,-119.9972222,2005,0.5,CA
47.55472222,-93.98472222,2005,0.1,MN
34.21166667,-110.0847222,2005,2,AZ
34.08694444,-109.5333333,2005,0.1,AZ
33.82888889,-109.4633333,2005,0.1,AZ
34.40944444,-111.0083333,2005,0.3,AZ
34.41444444,-111.0097222,2005,0.1,AZ
34.40138889,-110.9961111,2005,0.1,AZ
34.20805556,-110.0755556,2005,0.1,AZ
33.78611111,-96.15,2005,3,TX
31.3125,-94.27083333,2005,55,TX
33.34583333,-97.59583333,2005,2,TX
31.38666667,-95.15055556,2005,0.3,TX
31.35416667,-95.08527778,2005,55,TX
43.56,-111.1291667,2005,0.1,ID
31.15444444,-93.62388889,2005,2,TX
31.15888889,-93.62083333,2005,1,TX
33.91944444,-109.4127778,2005,0.1,AZ
31.15972222,-93.61888889,2005,0.8,TX
31.14583333,-93.61527778,2005,5,TX
31.16305556,-93.61694444,2005,0.1,TX
33.86305556,-109.4180556,2005,0.1,AZ
31.16416667,-93.61527778,2005,0.5,TX
34.38638889,-111.0183333,2005,0.1,AZ
33.92,-109.4125,2005,0.1,AZ
31.43666667,-95.15055556,2005,16,TX
34.05555556,-109.2388889,2005,0.1,AZ
33.33055556,-97.7625,2005,90,TX
33.355,-97.7675,2005,3,TX
34.04527778,-109.4758333,2005,1.5,AZ
33.34444444,-97.65222222,2005,40,TX
33.32361111,-97.64583333,2005,15,TX
34.40694444,-111.0077778,2005,0.1,AZ
43.82,-110.9652778,2005,0.1,WY
34.40027778,-111.01,2005,0.1,AZ
33.80138889,-109.4927778,2005,0.2,AZ
34.47722222,-110.9622222,2005,0.3,AZ
34.52305556,-111.0275,2005,0.1,AZ
34.53833333,-111.0208333,2005,1,AZ
35.6875,-105.7438889,2005,0.1,NM
35.785,-105.4119444,2005,1,NM
34.51694444,-111.0033333,2005,0.3,AZ
35.61777778,-105.6313889,2005,0.1,NM
34.14972222,-109.8758333,2005,0.3,AZ
34.20138889,-109.8841667,2005,0.1,AZ
34.45777778,-110.4658333,2005,0.1,AZ
42.84416667,-112.5227778,2005,0.1,ID
43.21083333,-111.0344444,2005,0.1,ID
34.06166667,-109.3477778,2005,1.5,AZ
38.76583333,-119.8877778,2005,0.25,CA
35.31111111,-111.4136111,2005,0.25,AZ
39.3975,-105.2461111,2005,0.25,CO
32.75194444,-110.0872222,2005,3,AZ
35.325,-111.525,2005,0.25,AZ
32.77305556,-109.9422222,2005,18,AZ
34.32833333,-110.0833333,2005,2,AZ
35.45638889,-111.5966667,2005,2,AZ
35.37027778,-111.5433333,2005,0.1,AZ
32.7925,-110.0811111,2005,11,AZ
34.15166667,-109.8675,2005,0.3,AZ
32.73972222,-110.0402778,2005,0.1,AZ
35.31972222,-111.5252778,2005,1.5,AZ
33.31722222,-108.8952778,2005,0.1,NM
32.80083333,-110.0083333,2005,3,AZ
32.6525,-109.8691667,2005,0.1,AZ
38.98916667,-119.8463889,2005,8,NV
39.3525,-105.1555556,2005,0.1,CO
45.13472222,-122.1797222,2005,0.1,OR
33.33111111,-108.3780556,2005,0.8,NM
33.68444444,-108.9816667,2005,0.3,NM
33.69277778,-109,2005,2,NM
34.89055556,-92.89138889,2005,2,AR
33.55972222,-108.9591667,2005,0.5,NM
33.28694444,-108.8686111,2005,2.5,NM
42.58694444,-121.1863889,2005,0.5,OR
33.11861111,-109,2005,0.3,NM
33.36305556,-108.6638889,2005,0.1,NM
34.16222222,-117.6816667,2005,0.1,CA
43.66194444,-102.8344444,2005,14.5,SD
33.36166667,-108.615,2005,0.3,NM
33.335,-108.6761111,2005,0.5,NM
42.69833333,-112.4188889,2005,0.1,ID
42.53222222,-121.1205556,2005,0.8,OR
33.66638889,-109,2005,0.1,NM
35.31694444,-111.4238889,2005,0.1,AZ
35.32805556,-111.4402778,2005,0.1,AZ
33.65222222,-109,2005,0.5,NM
35.54722222,-111.2083333,2005,0.1,AZ
33.33777778,-108.72,2005,1,NM
35.53083333,-111.4102778,2005,0.1,AZ
39.41277778,-105.1411111,2005,0.5,CO
35.46222222,-111.8027778,2005,0.75,AZ
33.00222222,-108.9352778,2005,0.1,NM
39.33805556,-105.1741667,2005,0.5,CO
33.66916667,-108.9519444,2005,2,NM
34.24222222,-117.8558333,2005,0.1,CA
39.2975,-105.0597222,2005,0.5,CO
35.25277778,-111.3844444,2005,0.25,AZ
39.29416667,-105.1927778,2005,0.1,CO
35.33277778,-111.5130556,2005,0.1,AZ
35.3575,-111.6216667,2005,0.1,AZ
34.22388889,-117.6675,2005,0.1,CA
35.34138889,-111.5086111,2005,0.1,AZ
35.32166667,-111.4672222,2005,0.1,AZ
39.34166667,-105.3213889,2005,0.5,CO
35.25305556,-111.6586111,2005,0.1,AZ
38.89694444,-120.7825,2005,0.1,CA
39.3325,-105.1980556,2005,0.1,CO
34.12222222,-117.7505556,2005,0.1,CA
39.36277778,-105.2122222,2005,0.1,CO
39.48055556,-105.1366667,2005,2,CO
33.66833333,-108.9686111,2005,2,NM
39.3075,-105.1344444,2005,0.1,CO
33.28416667,-108.6675,2005,0.1,NM
39.3525,-105.1555556,2005,0.3,CO
35.88638889,-118.4611111,2005,0.1,CA
39.38333333,-105.2933333,2005,0.5,CO
34.25,-117.6366667,2005,0.1,CA
35.76805556,-118.4361111,2005,0.1,CA
33.61833333,-108.9513889,2005,2,NM
33.21888889,-108.0025,2005,0.3,NM
34.16805556,-117.7686111,2005,0.1,CA
34.15166667,-117.7436111,2005,0.1,CA
46.99638889,-114.675,2005,0.1,MT
39.81722222,-120.4511111,2005,2.3,CA
33.92444444,-109.4152778,2005,0.1,AZ
33.87194444,-109.415,2005,0.1,AZ
34.01222222,-109.4980556,2005,0.1,AZ
33.28416667,-108.6508333,2005,0.5,NM
35.1525,-111.8016667,2005,0.1,AZ
35.32388889,-111.5255556,2005,0.1,AZ
48.82305556,-114.9838889,2005,7,MT
32.82027778,-116.5897222,2005,0.1,CA
34.18638889,-117.8713889,2005,0.2,CA
35.32388889,-111.5255556,2005,0.1,AZ
35.33,-111.7513889,2005,3,AZ
32.73472222,-116.6847222,2005,0.1,CA
34.68694444,-119.1080556,2005,0.1,CA
34.05833333,-109.5572222,2005,0.1,AZ
35.35361111,-111.4930556,2005,0.1,AZ
35.355,-111.5005556,2005,0.2,AZ
48.34944444,-115.8938889,2005,0.1,MT
33.83388889,-109.4944444,2005,0.1,AZ
34.11083333,-109.5630556,2005,0.1,AZ
39.06666667,-119.8111111,2005,0.1,NV
48.49722222,-115.9222222,2005,1,MT
48.53888889,-115.9347222,2005,0.1,MT
39.01972222,-119.8625,2005,0.1,NV
43.8125,-103.5930556,2005,0.1,SD
33.83388889,-109.4858333,2005,0.1,AZ
48.56083333,-115.9113889,2005,0.2,MT
43.72666667,-102.7627778,2005,0.9,SD
36.81472222,-107.2166667,2005,0.1,NM
43.78888889,-103.5277778,2005,0.1,SD
48.35555556,-115.8694444,2005,0.1,MT
48.48222222,-115.8572222,2005,0.1,MT
34.33611111,-110.7330556,2005,0.1,AZ
43.85555556,-103.4166667,2005,0.25,SD
48.35138889,-115.89,2005,0.1,MT
48.43333333,-115.8466667,2005,0.5,MT
29.18805556,-81.88861111,2005,0.1,FL
34.41916667,-81.57805556,2005,0.25,SC
34.41805556,-81.50916667,2005,1.55,SC
35.75777778,-105.6619444,2005,0.1,NM
35.67361111,-105.4555556,2005,0.1,NM
35.77,-105.6619444,2005,0.1,NM
48.49694444,-115.9186111,2005,0.3,MT
35.54361111,-105.5013889,2005,0.5,NM
43.77444444,-103.5069444,2005,0.1,SD
48.53777778,-115.9347222,2005,0.1,MT
43.7575,-103.6888889,2005,0.1,SD
38.88916667,-105.41,2005,0.1,CO
38.91111111,-105.4241667,2005,0.1,CO
34.43583333,-110.9844444,2005,0.1,AZ
43.59638889,-103.5686111,2005,0.1,SD
34.32305556,-110.9486111,2005,0.1,AZ
34.35361111,-110.7611111,2005,3,AZ
39.11222222,-122.8166667,2005,8,CA
43.81805556,-103.5894444,2005,0.1,SD
40.42666667,-121.0494444,2005,0.1,CA
43.66333333,-103.5886111,2005,0.1,SD
35.98333333,-106.75,2005,0.25,NM
35.94944444,-106.7155556,2005,0.1,NM
43.82083333,-103.7477778,2005,0.1,SD
36.43333333,-106.95,2005,3,NM
36.01833333,-107.0211111,2005,0.25,NM
43.77444444,-103.6672222,2005,0.75,SD
35.98611111,-106.7636111,2005,1,NM
43.59916667,-103.7091667,2005,1.4,SD
35.98333333,-106.7833333,2005,0.1,NM
43.75194444,-103.7338889,2005,0.1,SD
38.79083333,-119.8597222,2005,0.1,CA
47.55555556,-93.985,2005,0.1,MN
47.55916667,-93.98666667,2005,0.1,MN
47.56,-93.98805556,2005,0.1,MN
47.50583333,-93.56694444,2005,0.1,MN
47.61277778,-93.67916667,2005,0.1,MN
47.42472222,-94.00527778,2005,0.1,MN
35.29083333,-111.6688889,2005,0.1,AZ
35.33361111,-111.5094444,2005,0.1,AZ
47.11777778,-94.50416667,2005,0.1,MN
35.55138889,-105.765,2005,0.75,NM
35.56694444,-105.4455556,2005,0.25,NM
35.27388889,-111.5866667,2005,0.1,AZ
35.70111111,-105.8133333,2005,1,NM
47.1175,-94.51,2005,0.1,MN
35.72888889,-105.7611111,2005,0.5,NM
35.33277778,-111.5061111,2005,0.1,AZ
35.33861111,-111.5291667,2005,0.3,AZ
35.335,-111.5041667,2005,0.1,AZ
35.6875,-105.7091667,2005,0.1,NM
35.29166667,-111.625,2005,0.1,AZ
35.29555556,-105.2286111,2005,0.1,NM
35.81277778,-105.4988889,2005,0.25,NM
35.52888889,-105.6383333,2005,0.8,NM
35.29166667,-111.625,2005,0.1,AZ
35.60194444,-105.525,2005,0.1,NM
43.61638889,-103.6555556,2005,2,SD
44.155,-107.0241667,2005,0.1,WY
44.13555556,-107.4841667,2005,0.1,WY
44.04805556,-107.2794444,2005,0.1,WY
35.74305556,-105.8836111,2005,0.1,NM
43.59361111,-103.6225,2005,1,SD
35.67388889,-105.8311111,2005,0.1,NM
44.07583333,-107.3030556,2005,1,WY
43.84055556,-103.6263889,2005,0.1,SD
44.83833333,-122.1116667,2005,0.2,OR
44.35027778,-107.0125,2005,0.1,WY
44.06805556,-106.9711111,2005,0.1,WY
44.8275,-107.7066667,2005,0.1,WY
44.19694444,-106.9472222,2005,0.1,WY
38.68,-119.6358333,2005,0.1,CA
38.61194444,-119.6783333,2005,0.1,CA
35.05583333,-111.7358333,2005,0.1,AZ
35.25472222,-111.4433333,2005,0.6,AZ
35.94944444,-106.7155556,2005,0.5,NM
35.97194444,-106.8077778,2005,0.25,NM
36.01666667,-106.9833333,2005,0.1,NM
38.76444444,-106.0002778,2005,0.1,CO
40.65166667,-120.7766667,2005,0.1,CA
38.49277778,-106.0427778,2005,0.1,CO
38.72472222,-106.2683333,2005,0.5,CO
38.46861111,-106.0255556,2005,0.25,CO
40.41666667,-121.05,2005,0.01,CA
39.9875,-121.7863889,2005,2,CA
35.33972222,-111.5280556,2005,0.1,AZ
35.54555556,-111.8027778,2005,0.25,AZ
36.28416667,-106.6775,2005,5.6,NM
36.19722222,-106.7663889,2005,0.1,NM
36.19722222,-106.7663889,2005,0.1,NM
35.2625,-111.4625,2005,0.1,AZ
35.34277778,-111.5755556,2005,0.25,AZ
35.18333333,-111.4708333,2005,0.1,AZ
35.34583333,-111.55,2005,2.5,AZ
38.75638889,-105.5597222,2005,0.2,CO
42.74694444,-112.1402778,2005,0.1,ID
38.93583333,-105.3330556,2005,0.1,CO
38.92,-105.4319444,2005,0.01,CO
38.9875,-106.0038889,2005,0.01,CO
39.03861111,-105.4741667,2005,0.01,CO
35.31972222,-111.5913889,2005,0.1,AZ
35.34055556,-111.7477778,2005,0.1,AZ
35.13305556,-111.9808333,2005,0.1,AZ
35.4625,-111.425,2005,0.1,AZ
47.40888889,-94.07305556,2005,3.5,MN
35.45416667,-111.4333333,2005,0.1,AZ
35.06833333,-111.9405556,2005,0.5,AZ
36.18277778,-106.6775,2005,0.25,NM
47.07,-94.50472222,2005,0.1,MN
38.60222222,-119.7219444,2005,0.1,CA
35.06583333,-111.9491667,2005,0.25,AZ
43.20111111,-121.2211111,2005,0.1,OR
35.25388889,-111.7736111,2005,0.75,AZ
35.36055556,-111.6436111,2005,0.1,AZ
35.68805556,-118.4383333,2005,1149,CA
35.82722222,-118.2102778,2005,0.1,CA
35.96555556,-118.3175,2005,0.3,CA
47.11388889,-94.50138889,2005,0.1,MN
43.52638889,-121.9461111,2005,8,OR
47.1125,-94.50277778,2005,0.1,MN
36.04472222,-118.1572222,2005,0.1,CA
47.17305556,-114.5536111,2005,0.1,MT
38.86694444,-106.1011111,2005,0.25,CO
38.89777778,-105.9744444,2005,0.25,CO
39.57972222,-121.1252778,2005,0.2,CA
47.10916667,-94.50277778,2005,0.1,MN
47.1125,-94.50222222,2005,0.1,MN
47.06333333,-94.44166667,2005,0.1,MN
39.06,-119.53,2005,0.1,NV
47.10833333,-94.50388889,2005,0.2,MN
47.21138889,-94.20916667,2005,0.1,MN
47.03305556,-94.07,2005,0.1,MN
35.14361111,-111.8788889,2005,0.1,AZ
35.46194444,-111.795,2005,1,AZ
47.05222222,-94.24111111,2005,0.1,MN
35.10416667,-111.8625,2005,0.25,AZ
36.20944444,-106.7875,2005,0.1,NM
30.95388889,-93.07166667,2005,4,LA
36.21166667,-106.6775,2005,0.1,NM
31.44472222,-93.1225,2005,8,LA
44.28416667,-121.6047222,2005,0.1,OR
47.11333333,-94.54277778,2005,0.42,MN
34.78166667,-119.1483333,2005,0.1,CA
47.05388889,-94.20027778,2005,0.2,MN
47.06305556,-114.2752778,2005,4.8,MT
35.59583333,-100.0130556,2005,50,OK
43.49222222,-115.3041667,2005,0.1,ID
44.12666667,-110.9419444,2005,0.1,WY
33.93361111,-111.3797222,2005,1300,AZ
35.11666667,-108.0361111,2005,1.5,NM
33.935,-111.3111111,2005,0.1,AZ
34.97444444,-107.9913889,2005,0.25,NM
33.99555556,-111.2575,2005,50,AZ
36.01277778,-106.5852778,2005,0.9,NM
33.87111111,-111.0725,2005,730,AZ
33.8625,-111.1558333,2005,495,AZ
33.86583333,-111.0711111,2005,0.25,AZ
33.55111111,-111.1066667,2005,2093,AZ
41.25833333,-111.8497222,2005,0.1,UT
35.47638889,-118.7211111,2005,0.3,CA
42.58444444,-108.7602778,2005,0.1,WY
42.58666667,-108.8502778,2005,0.1,WY
34.22888889,-117.7683333,2005,0.1,CA
35.64833333,-118.4566667,2005,0.5,CA
35.65222222,-118.3566667,2005,69,CA
35.74722222,-118.4219444,2005,3.7,CA
45.06777778,-119.3363889,2005,0.1,OR
47.10277778,-94.63777778,2005,3,MN
47.10222222,-94.57527778,2005,0.1,MN
47.09583333,-94.54472222,2005,0.8,MN
34.06194444,-107.2102778,2005,0.1,NM
47.23611111,-94.20611111,2005,0.3,MN
47.16166667,-94.18,2005,0.5,MN
31.20277778,-92.66194444,2005,5,LA
30.92805556,-93.12805556,2005,25,LA
47.06194444,-94.59833333,2005,1.5,MN
44.66805556,-109.6783333,2005,0.1,WY
48.12111111,-91.14972222,2005,0.2,MN
44.89722222,-109.7011111,2005,0.2,WY
36.03805556,-106.6772222,2005,0.1,NM
33.79888889,-107.5138889,2005,0.1,NM
36.48333333,-106.95,2005,2.5,NM
35.9,-106.8,2005,0.1,NM
44.51444444,-109.9405556,2005,0.1,WY
36.39805556,-106.8447222,2005,0.1,NM
34.06861111,-107.1847222,2005,0.1,NM
44.23666667,-118.8733333,2005,9.2,OR
36,-106.7166667,2005,0.1,NM
44.225,-109.5897222,2005,0.1,WY
36.03333333,-106.9666667,2005,0.1,NM
44.53138889,-118.4888889,2005,0.1,OR
36.86722222,-107.3086111,2005,0.1,NM
36.66861111,-107.1972222,2005,0.1,NM
36.79944444,-107.2036111,2005,0.1,NM
33.71916667,-107.4916667,2005,19,NM
36.75777778,-107.2536111,2005,0.25,NM
33.87638889,-107.6219444,2005,0.1,NM
33.77027778,-107.6052778,2005,0.1,NM
47.03055556,-114.3880556,2005,2,MT
34.25361111,-107.4155556,2005,0.25,NM
44.26666667,-119.0055556,2005,0.1,OR
34.28333333,-107.9130556,2005,61,NM
44.285,-118.9188889,2005,0.1,OR
35.45611111,-105.7797222,2005,0.1,NM
44.46388889,-118.5472222,2005,0.34,OR
33.70138889,-107.4180556,2005,0.6,NM
44.53472222,-118.6316667,2005,3.5,OR
44.31305556,-118.7911111,2005,0.3,OR
44.3075,-118.7475,2005,0.5,OR
48.56388889,-115.9413889,2005,0.1,MT
44.73694444,-118.8733333,2005,0.1,OR
44.33111111,-118.6961111,2005,0.1,OR
44.34833333,-119.3097222,2005,0.3,OR
44.26472222,-118.8902778,2005,0.1,OR
44.13722222,-118.5119444,2005,0.1,OR
44.70833333,-118.8083333,2005,0.3,OR
44.09527778,-119.2308333,2005,0.1,OR
33.63138889,-109.4522222,2005,1,AZ
44.07888889,-103.6113889,2005,1.5,SD
45.06027778,-119.3625,2005,0.1,OR
43.75305556,-109.9961111,2005,0.1,WY
38.58333333,-119.83,2005,0.1,CA
45.04055556,-119.3608333,2005,0.1,OR
44.45861111,-109.7413889,2005,12,WY
39.43916667,-105.1180556,2005,68,CO
44.82583333,-109.4588889,2005,0.1,WY
43.67722222,-109.4438889,2005,0.1,WY
44.08055556,-103.7644444,2005,0.1,SD
44.03638889,-103.3802778,2005,0.03,SD
33.59444444,-109.4413889,2005,0.1,AZ
33.45027778,-109.3266667,2005,0.1,AZ
33.61166667,-109.3683333,2005,0.1,AZ
44.40555556,-120.4997222,2005,0.1,OR
44.26055556,-121.5005556,2005,0.3,OR
44.41388889,-120.5083333,2005,0.1,OR
44.01361111,-103.7630556,2005,0.1,SD
38.30888889,-119.5427778,2005,0.25,CA
43.59055556,-121.5866667,2005,0.1,OR
43.74222222,-121.5997222,2005,0.1,OR
43.37666667,-121.9872222,2005,0.2,OR
43.79277778,-121.72,2005,0.1,OR
44.45333333,-120.4444444,2005,0.3,OR
43.99194444,-121.4261111,2005,0.1,OR
43.80861111,-121.5197222,2005,0.1,OR
44.0625,-120.4480556,2005,0.1,OR
44.13444444,-121.4416667,2005,0.6,OR
39.29472222,-105.0561111,2005,0.2,CO
43.76972222,-121.7891667,2005,0.1,OR
45.55611111,-118.1191667,2005,0.1,OR
43.95472222,-121.3572222,2005,1.6,OR
44.23111111,-121.5308333,2005,0.3,OR
38.30444444,-119.2638889,2005,0.1,CA
45.59111111,-118.0822222,2005,0.25,OR
45.82972222,-117.9638889,2005,0.1,OR
33.66388889,-110.9286111,2005,0.25,AZ
44.16583333,-121.6136111,2005,0.1,OR
38.25194444,-119.1244444,2005,0.1,CA
39.51388889,-105.4855556,2005,0.2,CO
43.89722222,-121.7716667,2005,0.1,OR
44.16055556,-121.6705556,2005,0.1,OR
44.03222222,-121.4322222,2005,0.1,OR
43.62555556,-121.7330556,2005,0.1,OR
38.24611111,-119.3313889,2005,0.1,CA
45.0925,-121.7525,2005,0.1,OR
38.21305556,-119.3102778,2005,0.1,CA
33.38555556,-108.6525,2005,1,NM
36.95333333,-107.3577778,2005,0.25,NM
33.22333333,-108.7369444,2005,0.1,NM
33.09888889,-79.77083333,2005,3,SC
35.32222222,-111.5102778,2005,0.25,AZ
33.7375,-109.4941667,2005,3,AZ
44.22361111,-119.5633333,2005,0.1,OR
44.20222222,-121.3880556,2005,0.1,OR
44.23361111,-119.7355556,2005,0.1,OR
43.97083333,-121.2738889,2005,0.1,OR
44.3,-121.6333333,2005,0.1,OR
44.02055556,-121.4616667,2005,0.1,OR
48.365,-115.3983333,2005,0.6,MT
43.95361111,-121.2163889,2005,0.1,OR
32.94444444,-79.67972222,2005,3.2,SC
44.01972222,-121.4577778,2005,0.1,OR
44.00222222,-121.3747222,2005,0.1,OR
44.58333333,-121.4505556,2005,0.1,OR
38.74805556,-119.9394444,2005,0.1,CA
43.83138889,-121.4275,2005,0.6,OR
44.16055556,-111.3236111,2005,0.25,ID
33.89166667,-109.2555556,2005,0.1,AZ
44.02833333,-121.4180556,2005,0.1,OR
33.72222222,-109.3397222,2005,0.3,AZ
35.6575,-118.0455556,2005,27.9,CA
44.45416667,-121.6875,2005,0.1,OR
44.295,-111.4122222,2005,0.1,ID
44.25916667,-121.5208333,2005,0.1,OR
44.49888889,-121.5794444,2005,0.1,OR
44.39805556,-121.6622222,2005,0.1,OR
44.27166667,-121.5563889,2005,0.1,OR
44.40638889,-120.5516667,2005,0.3,OR
43.91277778,-121.7522222,2005,0.1,OR
36.22361111,-106.4605556,2005,512,NM
48.3675,-115.4908333,2005,0.1,MT
48.9225,-115.0508333,2005,0.1,MT
45.74472222,-104.18,2005,236,MT
31.24027778,-92.61305556,2005,390,LA
35.27916667,-111.7125,2005,0.1,AZ
35.29888889,-111.4847222,2005,0.1,AZ
35.32777778,-111.6194444,2005,0.1,AZ
44.05166667,-121.4105556,2005,0.1,OR
48.62333333,-115.9,2005,1,MT
48.72194444,-114.9572222,2005,0.3,MT
48.40861111,-115.5583333,2005,0.1,MT
45.30833333,-106.3583333,2005,1199,MT
48.40777778,-115.5583333,2005,0.1,MT
48.41666667,-115.5505556,2005,0.1,MT
48.41666667,-115.5461111,2005,0.1,MT
43.66861111,-121.0555556,2005,0.3,OR
48.60722222,-114.8988889,2005,1.5,MT
48.74583333,-114.905,2005,23.1,MT
35.31,-111.5858333,2005,1,AZ
48.62333333,-114.9,2005,0.1,MT
48.51666667,-115.2916667,2005,0.1,MT
48.34666667,-115.5716667,2005,0.1,MT
48.41666667,-115.5466667,2005,0.1,MT
48.46166667,-115.525,2005,0.1,MT
44.39972222,-120.5219444,2005,1,OR
48.40833333,-115.5583333,2005,0.1,MT
48.40833333,-115.5583333,2005,0.1,MT
48.40777778,-115.5577778,2005,0.1,MT
48.40805556,-115.5586111,2005,0.1,MT
48.40833333,-115.5583333,2005,0.1,MT
48.77333333,-114.9030556,2005,0.3,MT
48.6625,-114.9611111,2005,0.1,MT
48.50472222,-115.9241667,2005,0.1,MT
48.40805556,-115.5583333,2005,0.1,MT
48.72444444,-115.9894444,2005,0.1,MT
43.69805556,-121.4508333,2005,2,OR
48.96388889,-115.19,2005,0.1,MT
48.255,-115.8525,2005,0.1,MT
48.83416667,-115.185,2005,800,MT
48.30277778,-115.5983333,2005,5,MT
48.84611111,-114.8594444,2005,23,MT
48.95083333,-115.1936111,2005,0.1,MT
48.33861111,-115.1272222,2005,2,MT
48.895,-115.615,2005,0.1,MT
48.82194444,-116.0194444,2005,0.5,MT
48.92527778,-115.8025,2005,0.1,MT
48.91277778,-115.8602778,2005,0.1,MT
48.58222222,-115.9919444,2005,0.1,MT
48.09555556,-115.4736111,2005,0.25,MT
48.28722222,-115.7075,2005,5,MT
48.40416667,-115.2647222,2005,0.1,MT
48.57194444,-115.3227778,2005,0.1,MT
48.52638889,-115.2858333,2005,1,MT
48.52888889,-115.1666667,2005,0.1,MT
48.60111111,-115.9955556,2005,0.1,MT
48.19416667,-115.9797222,2005,0.1,MT
44.38111111,-120.5652778,2005,0.1,OR
48.92194444,-115.8497222,2005,0.1,MT
48.82944444,-115.875,2005,0.3,MT
48.6625,-114.8786111,2005,0.1,MT
48.78805556,-115.8222222,2005,0.1,MT
48.12638889,-115.9597222,2005,0.5,MT
48.62444444,-115.9863889,2005,0.1,MT
48.55555556,-115.315,2005,0.25,MT
48.91833333,-115.1666667,2005,0.1,MT
44.65305556,-121.5902778,2005,0.1,OR
43.60583333,-122.0055556,2005,0.1,OR
35.94722222,-118.2905556,2005,0.1,CA
36.05361111,-118.1933333,2005,0.1,CA
44.43222222,-120.3252778,2005,0.1,OR
35.27027778,-111.7108333,2005,2,AZ
35.2575,-111.6911111,2005,0.1,AZ
43.7925,-121.0597222,2005,0.2,OR
36.04888889,-118.1547222,2005,0.1,CA
42.59222222,-120.9002778,2005,0.2,OR
43.77916667,-120.9577778,2005,5.1,OR
35.575,-111.5125,2005,0.1,AZ
42.705,-120.8108333,2005,0.2,OR
36.06111111,-118.2327778,2005,0.1,CA
35.20277778,-111.5663889,2005,0.1,AZ
36.09,-118.1702778,2005,0.1,CA
43.79277778,-121.0277778,2005,0.2,OR
35.92638889,-118.3166667,2005,0.1,CA
35.67555556,-118.1136111,2005,0.1,CA
44.23305556,-120.3386111,2005,0.1,OR
43.74972222,-121.1372222,2005,0.1,OR
44.465,-120.1944444,2005,0.1,OR
39.31666667,-111.2283333,2005,0.1,UT
44.40388889,-119.5972222,2005,0.5,OR
44.495,-120.3877778,2005,0.1,OR
35.74916667,-118.3652778,2005,0.5,CA
44.28555556,-120.3183333,2005,0.1,OR
44.05111111,-121.3833333,2005,0.1,OR
43.68472222,-102.9388889,2005,5.6,SD
38.85833333,-105.9591667,2005,0.1,CO
43.61888889,-103.1033333,2005,41,SD
31.05833333,-92.95,2005,20,LA
43.88555556,-102.7716667,2005,12.3,SD
36.12888889,-92.3575,2005,35,AR
39.16972222,-106.3633333,2005,0.1,CO
43.87527778,-102.7583333,2005,5,SD
31.55277778,-92.59833333,2005,4,LA
43.87416667,-102.7616667,2005,15.6,SD
39.15638889,-106.4097222,2005,0.1,CO
31.26027778,-92.75555556,2005,1,LA
37.87194444,-111.6580556,2005,0.1,UT
42.22583333,-120.8188889,2005,0.2,OR
38.39694444,-119.0977778,2005,0.1,CA
42.21888889,-120.8511111,2005,0.1,OR
44.13194444,-118.9486111,2005,0.1,OR
38.80055556,-105.9355556,2005,1,CO
42.24777778,-120.8238889,2005,0.2,OR
37.30833333,-113.4480556,2005,0.1,UT
42.2075,-120.8238889,2005,1,OR
44.21111111,-119.2455556,2005,0.1,OR
42.13722222,-120.8819444,2005,0.1,OR
42.18472222,-120.8222222,2005,0.5,OR
39.16972222,-106.3633333,2005,0.1,CO
44.19083333,-119.2705556,2005,0.3,OR
44.58333333,-118.5611111,2005,0.5,OR
37.60027778,-118.6411111,2005,0.25,CA
38.705,-119.8238889,2005,0.25,CA
38.17888889,-119.3291667,2005,0.1,CA
44.26083333,-119.0647222,2005,0.3,OR
37.61138889,-118.6102778,2005,0.25,CA
35.96888889,-92.38944444,2005,10,AR
39.99055556,-111.3772222,2005,58,UT
44.55444444,-109.4416667,2005,0.1,WY
44.17722222,-118.675,2005,0.1,OR
42.57583333,-108.7308333,2005,0.1,WY
31.5075,-93.23222222,2005,17,LA
31.39194444,-93.13611111,2005,162,LA
48.41666667,-115.5505556,2005,0.1,MT
48.4,-115.5505556,2005,0.1,MT
44.91361111,-109.6894444,2005,0.1,WY
44.94388889,-109.5086111,2005,0.1,WY
31.04166667,-92.84166667,2005,1,LA
44.14638889,-118.5530556,2005,0.1,OR
43.64083333,-103.5575,2005,0.1,SD
43.63833333,-103.5616667,2005,0.1,SD
43.70194444,-103.7863889,2005,0.1,SD
44.09916667,-118.5966667,2005,0.5,OR
44.79722222,-109.4055556,2005,0.1,WY
46.99083333,-114.4225,2005,0.1,MT
43.71416667,-103.6233333,2005,0.1,SD
43.72944444,-103.7375,2005,0.5,SD
43.70222222,-103.5269444,2005,0.1,SD
43.70222222,-103.5069444,2005,0.1,SD
44.15694444,-118.5383333,2005,0.1,OR
43.67333333,-103.5469444,2005,0.25,SD
44.29305556,-118.6486111,2005,0.1,OR
44.36138889,-118.5016667,2005,0.1,OR
43.72722222,-103.7075,2005,0.1,SD
39.24138889,-106.3775,2005,0.1,CO
45.44166667,-121.7469444,2005,0.1,OR
46.14472222,-114.5294444,2005,0.1,MT
35.49166667,-93.12,2005,0.1,AR
31.04166667,-93.08333333,2005,9,LA
35.24944444,-93.68555556,2005,4,AR
47.22277778,-114.6863889,2005,0.1,MT
31.00388889,-92.95972222,2005,1,LA
31.05,-93.09166667,2005,19,LA
31.01666667,-93.10833333,2005,11,LA
43.675,-103.5183333,2005,5,SD
43.72305556,-103.5238889,2005,0.1,SD
31.18888889,-92.58583333,2005,205,LA
45.23888889,-121.6258333,2005,0.1,OR
36.25527778,-115.8255556,2005,1,NV
43.72083333,-103.5522222,2005,0.1,SD
31.01333333,-92.5725,2005,3,LA
43.70333333,-103.5319444,2005,0.1,SD
43.77972222,-103.7236111,2005,0.1,SD
31.04722222,-93.05277778,2005,22,LA
42.17916667,-120.8588889,2005,0.1,OR
31.01944444,-92.91111111,2005,5,LA
36.30555556,-115.6802778,2005,0.1,NV
43.63777778,-103.6097222,2005,0.1,SD
30.26777778,-84.40027778,2005,0.1,FL
43.88777778,-104.0155556,2005,0.3,SD
30.28472222,-84.36666667,2005,0.1,FL
34.14861111,-107.9861111,2005,23,NM
43.12888889,-121.3113889,2005,6,OR
34.16611111,-107.2944444,2005,0.1,NM
36.70583333,-118.9980556,2005,0.1,CA
34.02305556,-107.1302778,2005,0.1,NM
48.79166667,-117.0302778,2005,0.1,ID
42.18583333,-120.8538889,2005,0.1,OR
43.85166667,-104.0208333,2005,0.1,SD
34.24,-107.4061111,2005,0.1,NM
48.33416667,-116.9627778,2005,0.1,ID
42.38777778,-120.7072222,2005,1,OR
45.68722222,-121.3352778,2005,1.6,OR
43.77277778,-104.0141667,2005,0.1,SD
44.07472222,-104.0191667,2005,0.1,SD
44.63055556,-118.5972222,2005,0.2,OR
48.99777778,-116.1941667,2005,0.1,ID
44.51027778,-112.0730556,2005,0.1,ID
44.62722222,-118.6013889,2005,0.5,OR
44.18805556,-119.2644444,2005,0.3,OR
45.665,-121.2036111,2005,0.1,WA
44.29861111,-118.8041667,2005,0.1,OR
30.2,-84.38333333,2005,1.7,FL
29.0925,-81.89111111,2005,0.4,FL
29.16805556,-81.89611111,2005,1.25,FL
29.2025,-81.90194444,2005,2,FL
48.35666667,-117.0608333,2005,0.1,WA
29.15416667,-81.89611111,2005,0.1,FL
48.45972222,-116.9952778,2005,0.1,ID
48.52638889,-116.8591667,2005,0.1,ID
29.07055556,-81.80277778,2005,0.1,FL
29.355,-81.82027778,2005,0.1,FL
47.23416667,-114.7386111,2005,0.1,MT
33.74972222,-109.3480556,2005,0.1,AZ
33.74166667,-109.3663889,2005,0.1,AZ
33.74166667,-109.3702778,2005,0.3,AZ
33.73611111,-109.3388889,2005,1.5,AZ
47.22111111,-114.6858333,2005,0.1,MT
29.21,-81.90527778,2005,10,FL
33.77944444,-109.1969444,2005,0.8,AZ
35.81916667,-105.8355556,2005,1.25,NM
39.10305556,-119.8288889,2005,0.2,NV
33.53305556,-109.1163889,2005,1.5,AZ
33.81361111,-109.0833333,2005,0.2,AZ
39.04583333,-119.8694444,2005,0.1,NV
47.9725,-92.19083333,2005,2,MN
47.98666667,-91.475,2005,1,MN
47.84611111,-91.8075,2005,0.1,MN
47.09361111,-91.7625,2005,0.35,MN
48.12083333,-91.71194444,2005,1,MN
47.93722222,-91.96388889,2005,5,MN
47.83277778,-91.62972222,2005,0.5,MN
44.02305556,-121.4522222,2005,0.1,OR
44.185,-121.6005556,2005,0.1,OR
45.69944444,-121.4136111,2005,0.1,WA
38.3475,-109.3075,2005,0.1,UT
34.02305556,-107.1302778,2005,0.1,NM
34.02583333,-107.1302778,2005,0.1,NM
33.67638889,-107.4738889,2005,0.1,NM
33.98972222,-107.1369444,2005,0.1,NM
33.86444444,-107.505,2005,0.75,NM
48.08611111,-114.3227778,2005,0.1,MT
35.5875,-105.4680556,2005,0.1,NM
31.52,-92.58777778,2005,5,LA
35.09138889,-111.5888889,2005,0.1,AZ
45.35638889,-109.8994444,2005,0.1,MT
35.66,-105.7438889,2005,0.25,NM
33.76027778,-107.5122222,2005,0.5,NM
31.66583333,-92.50194444,2005,3,LA
45.0425,-109.4758333,2005,0.1,MT
35.29555556,-105.8327778,2005,0.25,NM
45.15138889,-109.3755556,2005,0.1,MT
31.59361111,-92.44277778,2005,11,LA
39.18777778,-105.5761111,2005,0.1,CO
30.975,-93.15833333,2005,5,LA
35.61611111,-105.8327778,2005,2,NM
34.23527778,-107.9166667,2005,0.1,NM
31.025,-93.15833333,2005,2,LA
31.02083333,-93.14166667,2005,1,LA
31.03388889,-92.89861111,2005,10,LA
45.15833333,-109.2722222,2005,0.8,MT
48.99,-116.3013889,2005,0.7,ID
33.71694444,-107.4608333,2005,0.1,NM
48.59333333,-116.1891667,2005,0.1,ID
48.21416667,-114.6155556,2005,0.1,MT
48.32166667,-113.6633333,2005,0.25,MT
48.31305556,-113.6855556,2005,0.1,MT
38.13416667,-120.1355556,2005,1,CA
41.21138889,-123.6558333,2005,0.1,CA
44.84166667,-118.6197222,2005,0.5,OR
44.98444444,-118.5136111,2005,0.1,OR
35.75138889,-105.6519444,2005,1.5,NM
39.93805556,-111.3955556,2005,1.5,UT
30.93888889,-93.19972222,2005,1,LA
31.25888889,-92.76444444,2005,1,LA
31.63194444,-92.51166667,2005,1,LA
31.06666667,-92.95833333,2005,15,LA
37.08805556,-101.6369444,2005,0.5,KS
45.2975,-106.4425,2005,0.25,MT
45.42055556,-106.3808333,2005,4.5,MT
45.35472222,-106.0977778,2005,4,MT
39.37305556,-105.2077778,2005,0.1,CO
45.33777778,-106.1177778,2005,0.1,MT
45.46111111,-106.0875,2005,2.3,MT
45.37083333,-106.2416667,2005,423.3,MT
47.81555556,-113.4586111,2005,0.1,MT
45.265,-106.2069444,2005,3.2,MT
45.25416667,-106.2047222,2005,0.6,MT
44.2925,-114.7175,2005,0.1,ID
39.36888889,-111.1972222,2005,0.25,UT
39.8875,-111.5216667,2005,0.1,UT
44.39,-114.7388889,2005,0.1,ID
35.07361111,-111.5816667,2005,0.1,AZ
37.11833333,-101.8938889,2005,0.1,KS
35.14583333,-111.6386111,2005,0.1,AZ
44.31222222,-114.9247222,2005,0.1,ID
37.06833333,-101.9994444,2005,0.5,KS
35.08472222,-111.5980556,2005,0.1,AZ
35.14583333,-111.6386111,2005,2,AZ
34.90861111,-111.5319444,2005,0.1,AZ
35.15638889,-111.5266667,2005,0.1,AZ
44.29972222,-114.8511111,2005,0.25,ID
35.10527778,-111.5913889,2005,0.1,AZ
44.30666667,-114.8216667,2005,0.1,ID
36.34194444,-106.6108333,2005,0.1,NM
37.72083333,-106.6986111,2005,0.1,CO
34.98361111,-93.98361111,2005,0.25,AR
39.905,-111.5233333,2005,0.1,UT
36.18027778,-106.8025,2005,0.25,NM
37.15777778,-101.7897222,2005,0.5,KS
39.57722222,-111.7011111,2005,0.1,UT
44.3275,-114.6841667,2005,0.1,ID
37.13944444,-101.8230556,2005,0.1,KS
39.68972222,-120.7172222,2005,0.1,CA
39.94,-111.4183333,2005,0.1,UT
44.33083333,-114.3927778,2005,0.1,ID
44.43138889,-120.3213889,2005,0.1,OR
39.86666667,-111.2333333,2005,0.1,UT
38.00833333,-120.1538889,2005,0.1,CA
38.49833333,-109.3183333,2005,0.1,UT
34.47944444,-118.7686111,2005,3,CA
39.48,-111.8261111,2005,10.1,UT
48.41666667,-115.5461111,2005,0.1,MT
48.51888889,-115.5177778,2005,0.1,MT
48.40833333,-115.5083333,2005,0.1,MT
48.85722222,-114.8711111,2005,0.1,MT
48.41666667,-115.5505556,2005,0.1,MT
46.10555556,-117.7888889,2005,0.1,WA
36.04722222,-106.485,2005,0.1,NM
34.95527778,-111.5338889,2005,1,AZ
35.04444444,-111.3719444,2005,0.1,AZ
35.13416667,-111.6330556,2005,0.4,AZ
37.65,-90.80083333,2005,2.04,MO
34.93222222,-111.6097222,2005,0.4,AZ
31.80861111,-92.83194444,2005,270,LA
34.94916667,-111.6563889,2005,0.1,AZ
47.92888889,-113.6519444,2005,0.1,MT
32.94222222,-79.69388889,2005,1,SC
37.35444444,-113.6211111,2005,0.1,UT
34.91944444,-111.5686111,2005,0.1,AZ
37.82166667,-91.23861111,2005,3.53,MO
36.1375,-118.7433333,2005,7,CA
44.64611111,-115.2108333,2005,0.25,ID
36.13,-118.5380556,2005,0.1,CA
37.77916667,-91.01,2005,13.74,MO
37.82333333,-90.93333333,2005,2.5,MO
36.15944444,-118.7175,2005,11.5,CA
44.90166667,-114.7163889,2005,0.25,ID
36.29972222,-118.4208333,2005,6.75,CA
37.78583333,-91.05055556,2005,3.2,MO
36.15916667,-118.7125,2005,22,CA
33.13138889,-116.8886111,2005,0.1,CA
35.02861111,-111.6955556,2005,0.1,AZ
35.04666667,-111.6152778,2005,0.1,AZ
45.31444444,-123.7508333,2005,0.1,OR
37.80833333,-91.05833333,2005,3.89,MO
34.93527778,-111.5052778,2005,0.1,AZ
42.55333333,-120.5363889,2005,0.1,OR
37.76277778,-91.1325,2005,81.35,MO
34.85777778,-111.5913889,2005,0.1,AZ
37.81111111,-91.06722222,2005,43.15,MO
35.06833333,-111.5988889,2005,0.1,AZ
35.11916667,-111.6036111,2005,3,AZ
35.14361111,-111.6411111,2005,0.2,AZ
44.00777778,-121.3930556,2005,0.1,OR
35.08583333,-111.6811111,2005,0.1,AZ
34.91944444,-111.5677778,2005,0.1,AZ
43.47083333,-124.2333333,2005,0.1,OR
37.55694444,-118.6613889,2005,12,CA
34.93861111,-111.6086111,2005,0.2,AZ
34.9375,-111.5872222,2005,0.1,AZ
44.76083333,-122.0830556,2005,0.1,OR
35.09777778,-111.6205556,2005,0.1,AZ
45.715,-121.3483333,2005,1,WA
44.43638889,-115.2194444,2005,0.1,ID
39.51055556,-111.8366667,2005,0.5,UT
39.63194444,-111.2647222,2005,0.1,UT
38.48305556,-109.3119444,2005,0.1,UT
39.32555556,-111.5002778,2005,0.1,UT
36.02333333,-106.5358333,2005,0.1,NM
33.21638889,-108.1002778,2005,170,NM
34.87944444,-111.5497222,2005,0.25,AZ
34.89833333,-93.40527778,2005,3,AR
34.89611111,-111.5847222,2005,0.1,AZ
34.94916667,-111.7313889,2005,0.1,AZ
35.09944444,-111.3963889,2005,0.25,AZ
34.84166667,-111.5830556,2005,0.1,AZ
37.77666667,-109.8508333,2005,3,UT
43.64138889,-124.1908333,2005,0.1,OR
34.88666667,-111.5138889,2005,0.5,AZ
34.86416667,-111.5319444,2005,0.1,AZ
34.85277778,-111.5444444,2005,0.5,AZ
34.87111111,-111.5466667,2005,1,AZ
37.67083333,-109.7152778,2005,0.1,UT
34.95777778,-111.6266667,2005,0.1,AZ
34.84333333,-111.4447222,2005,0.1,AZ
34.93944444,-111.6075,2005,0.1,AZ
35.02555556,-111.4458333,2005,0.1,AZ
48.86388889,-116.2244444,2005,0.1,ID
37.89861111,-90.98722222,2005,62.69,MO
37.72083333,-90.97222222,2005,30.93,MO
35.14166667,-111.5916667,2005,0.25,AZ
37.77,-91.08388889,2005,9.98,MO
34.94166667,-111.5666667,2005,0.1,AZ
43.66638889,-122.4163889,2005,0.1,OR
35.025,-111.6791667,2005,0.1,AZ
48.83361111,-116.2497222,2005,0.1,ID
43.58361111,-124.1808333,2005,4,OR
37.65416667,-91.02,2005,69.38,MO
34.96666667,-111.6458333,2005,0.1,AZ
43.57666667,-124.1880556,2005,0.1,OR
37.02472222,-101.9933333,2005,760,KS
35.12333333,-111.6527778,2005,0.1,AZ
36.11055556,-106.7486111,2005,0.1,NM
34.92027778,-111.6141667,2005,0.1,AZ
34.93333333,-111.5583333,2005,0.1,AZ
34.99944444,-94.02555556,2005,0.2,AR
44.17583333,-124.1141667,2005,0.1,OR
47.62222222,-116.5391667,2005,0.1,ID
34.87444444,-111.5655556,2005,0.1,AZ
34.89416667,-111.6330556,2005,0.1,AZ
48.41833333,-117.0008333,2005,1.7,ID
35.0075,-111.6013889,2005,0.1,AZ
35.03611111,-111.6297222,2005,0.1,AZ
42.13222222,-120.8936111,2005,0.3,OR
43.67333333,-122.3916667,2005,0.1,OR
42.04472222,-120.6333333,2005,0.1,OR
35.11666667,-111.3416667,2005,0.1,AZ
43.82916667,-122.3961111,2005,0.1,OR
48.96694444,-116.1738889,2005,0.1,ID
34.97583333,-111.2744444,2005,0.1,AZ
34.93777778,-111.5633333,2005,0.1,AZ
42.25388889,-120.8058333,2005,1,OR
34.9375,-111.575,2005,0.1,AZ
34.88472222,-111.5727778,2005,0.1,AZ
35.01861111,-111.5941667,2005,0.1,AZ
35.07416667,-111.7094444,2005,0.1,AZ
34.98416667,-111.445,2005,0.1,AZ
43.95138889,-121.4838889,2005,0.1,OR
43.70138889,-122.2886111,2005,0.1,OR
34.91138889,-111.4319444,2005,0.1,AZ
34.935,-111.4838889,2005,0.1,AZ
35.06638889,-111.4163889,2005,0.1,AZ
35.06638889,-111.4136111,2005,0.1,AZ
35.07361111,-111.4433333,2005,0.1,AZ
34.91222222,-111.6969444,2005,0.1,AZ
34.95833333,-111.625,2005,0.1,AZ
35.14833333,-111.6025,2005,0.1,AZ
44.02055556,-121.4619444,2005,0.1,OR
45.66416667,-121.0108333,2005,1,WA
44.33722222,-119.8188889,2005,0.1,OR
45.66694444,-121.2280556,2005,0.1,OR
44.36222222,-119.8530556,2005,0.1,OR
43.78388889,-121.0633333,2005,1.05,OR
45.66222222,-120.9158333,2005,0.5,WA
44.21694444,-119.5908333,2005,0.1,OR
44.23416667,-120.2375,2005,0.1,OR
44.37777778,-119.7983333,2005,0.1,OR
44.06361111,-121.6891667,2005,0.1,OR
34.38361111,-111.0525,2005,0.2,AZ
48.92,-116.3583333,2005,0.1,ID
44.33416667,-120.3333333,2005,0.1,OR
37.69,-109.8819444,2005,0.1,UT
44.0225,-118.8188889,2005,0.1,OR
37.71083333,-109.9175,2005,0.1,UT
44.39194444,-120.3338889,2005,0.1,OR
34.44861111,-110.5869444,2005,1,AZ
44.36111111,-120.0427778,2005,0.1,OR
44.26166667,-119.8211111,2005,0.1,OR
44.03972222,-118.6375,2005,0.3,OR
34.29972222,-110.7341667,2005,1.2,AZ
43.91194444,-121.4533333,2005,0.1,OR
43.83277778,-119.0969444,2005,0.3,OR
43.83444444,-119.12,2005,0.1,OR
33.10833333,-116.8777778,2005,0.2,CA
33.12722222,-116.8680556,2005,0.2,CA
38.99277778,-105.3108333,2005,1,CO
43.84638889,-119.0888889,2005,0.3,OR
45.69194444,-121.7444444,2005,0.1,OR
44.3725,-121.8108333,2005,0.1,OR
43.84555556,-119.0925,2005,1,OR
45.705,-121.4836111,2005,0.1,OR
45.34027778,-118.4386111,2005,0.1,OR
43.94305556,-119.0555556,2005,0.1,OR
44.13444444,-121.6211111,2005,0.1,OR
43.94055556,-119.1261111,2005,0.2,OR
44.08,-118.8711111,2005,0.25,OR
47.83277778,-113.4197222,2005,0.1,MT
47.94555556,-113.5527778,2005,0.1,MT
43.63972222,-121.6880556,2005,0.1,OR
47.98027778,-113.5663889,2005,0.1,MT
47.85527778,-113.9272222,2005,0.25,MT
48.28055556,-113.96,2005,0.1,MT
45.13388889,-117.6277778,2005,0.1,OR
43.95722222,-121.4358333,2005,0.1,OR
42.84638889,-112.0794444,2005,0.1,ID
34.18277778,-109.9194444,2005,0.1,AZ
44.67111111,-111.3063889,2005,0.1,ID
48.19861111,-116.1022222,2005,0.3,ID
34.45722222,-110.7497222,2005,320,AZ
48.87833333,-116.2883333,2005,0.1,ID
37.81666667,-111.7708333,2005,0.2,UT
44.30888889,-121.7013889,2005,0.3,OR
48.03805556,-116.4275,2005,0.1,ID
48.12916667,-116.2866667,2005,3.3,ID
48.26527778,-116.0930556,2005,2,ID
48.79972222,-116.465,2005,1.3,ID
48.04083333,-116.6066667,2005,0.1,ID
43.72638889,-121.4122222,2005,0.1,OR
48.25055556,-116.0627778,2005,0.4,ID
45.70222222,-121.7525,2005,0.1,WA
48.37555556,-116.2266667,2005,0.8,ID
43.69694444,-121.6552778,2005,0.2,OR
44.00333333,-121.3947222,2005,0.1,OR
43.17638889,-111.0575,2005,0.1,WY
43.97722222,-121.4097222,2005,0.1,OR
42.67555556,-112.4102778,2005,0.1,ID
48.885,-116.1027778,2005,0.1,ID
43.96527778,-111.1327778,2005,0.25,ID
43.55527778,-121.1669444,2005,0.5,OR
43.69,-121.2697222,2005,0.1,OR
43.55916667,-121.1833333,2005,0.1,OR
43.80972222,-121.0405556,2005,0.3,OR
43.995,-121.4933333,2005,0.5,OR
37.14083333,-101.8105556,2005,0.1,KS
36.37611111,-106.3761111,2005,0.25,NM
36.22361111,-106.7597222,2005,0.1,NM
44.06694444,-118.8927778,2005,0.7,OR
43.9325,-102.8938889,2005,0.53,SD
43.53527778,-122.4275,2005,0.1,OR
37.02166667,-92.11472222,2005,11,MO
43.28111111,-103.0483333,2005,2.9,SD
44.81416667,-118.5302778,2005,1,OR
36.92194444,-92.25388889,2005,20,MO
45.14777778,-118.5991667,2005,0.1,OR
36.96305556,-92.0325,2005,43,MO
43.92416667,-119.2486111,2005,0.1,OR
43.57805556,-122.3388889,2005,0.1,OR
33.11583333,-107.8969444,2005,20,NM
45.00527778,-121.7611111,2005,0.3,OR
43.46638889,-122.3252778,2005,0.2,OR
42.98361111,-104.0255556,2005,101,NE
45.06527778,-119.1744444,2005,0.1,OR
33.81166667,-109.06,2005,0.3,AZ
33.82222222,-109.1341667,2005,0.3,AZ
45.82972222,-117.9638889,2005,0.1,OR
43.8925,-118.9538889,2005,0.7,OR
34.56972222,-111.2286111,2005,0.3,AZ
43.96888889,-119.0594444,2005,0.3,OR
33.11083333,-116.8472222,2005,2,CA
33.62166667,-109.4066667,2005,0.1,AZ
43.88083333,-119.1397222,2005,2.3,OR
43.95138889,-119.0588889,2005,0.3,OR
36.97805556,-102.5830556,2005,780,OK
37.21722222,-103.1977778,2005,180,CO
42.22333333,-120.1841667,2005,0.1,OR
39.30472222,-111.4608333,2005,0.1,UT
43.60222222,-122.3677778,2005,0.1,OR
44.35555556,-118.8747222,2005,0.1,OR
44.17055556,-118.7902778,2005,0.3,OR
36.47,-115.7969444,2005,0.1,NV
36.29583333,-115.7630556,2005,0.1,NV
44.34527778,-119.4633333,2005,0.5,OR
44.65527778,-118.9266667,2005,0.2,OR
36.40138889,-115.7666667,2005,0.1,NV
37.30138889,-102.6063889,2005,2,CO
44.30055556,-119.0488889,2005,0.1,OR
36.47527778,-115.8433333,2005,0.1,NV
44.675,-118.6111111,2005,2,OR
44.7175,-119.2627778,2005,0.8,OR
36.21388889,-106.6252778,2005,0.1,NM
44.68166667,-119.1338889,2005,0.2,OR
44.40777778,-122.2213889,2005,0.1,OR
44.13444444,-122.2080556,2005,0.1,OR
44.32694444,-119.1202778,2005,0.1,OR
40.75111111,-121.8041667,2005,0.1,CA
32.68305556,-116.5072222,2005,0.1,CA
44.20138889,-118.8797222,2005,0.5,OR
32.71138889,-116.5569444,2005,0.1,CA
44.13194444,-118.7355556,2005,0.1,OR
32.71388889,-116.5869444,2005,0.1,CA
44.12833333,-118.7169444,2005,0.4,OR
39.87222222,-121.1475,2005,0.5,CA
32.8175,-116.5272222,2005,0.1,CA
32.83666667,-116.7338889,2005,0.2,CA
39.96222222,-120.9038889,2005,0.1,CA
37.92138889,-90.9525,2005,0.03,MO
36.67277778,-92.88555556,2005,180,MO
33.83916667,-109.2794444,2005,5,AZ
33.64,-109.3902778,2005,0.1,AZ
36.66583333,-92.61555556,2005,1.4,MO
29.00166667,-81.67527778,2005,0.25,FL
33.57583333,-109.3827778,2005,0.1,AZ
30.30138889,-84.66888889,2005,13.6,FL
32.82,-116.5466667,2005,0.2,CA
33.70194444,-109.155,2005,0.3,AZ
29.24194444,-81.87583333,2005,0.1,FL
34.78055556,-119.4683333,2005,0.1,CA
29.42805556,-81.72972222,2005,4,FL
33.91527778,-109.1877778,2005,0.1,AZ
29.22694444,-81.97194444,2005,0.25,FL
32.91916667,-116.5033333,2005,0.1,CA
36.23083333,-121.4502778,2005,4,CA
32.83388889,-116.7302778,2005,0.5,CA
29.03333333,-81.42083333,2005,1,FL
45.62888889,-104.2530556,2005,0.3,MT
36.18888889,-106.6383333,2005,0.1,NM
36.91666667,-107.3402778,2005,0.1,NM
37.04083333,-102.5880556,2005,411,CO
34.80805556,-94.51777778,2005,6,OK
37.3075,-102.7216667,2005,12,CO
45.59361111,-104.1775,2005,0.1,MT
33.345,-116.9927778,2005,70,CA
45.57388889,-104.1391667,2005,0.1,MT
33.32222222,-116.9652778,2005,3,CA
45.76083333,-104.6619444,2005,0.1,MT
33.275,-116.8333333,2005,0.1,CA
45.59416667,-104.2225,2005,8.5,MT
33.325,-116.9611111,2005,1,CA
33.34027778,-116.9880556,2005,10,CA
33.34444444,-116.7130556,2005,0.1,CA
36.95277778,-92.94638889,2005,0.9,MO
36.95194444,-92.95472222,2005,6,MO
36.73861111,-93.61638889,2005,5,MO
32.68277778,-116.6341667,2005,12,CA
45.59027778,-104.1547222,2005,0.1,MT
36.89666667,-92.935,2005,12,MO
45.60305556,-104.2005556,2005,0.1,MT
45.60305556,-104.2619444,2005,0.1,MT
32.7375,-116.3936111,2005,0.1,CA
45.72777778,-103.5197222,2005,2,SD
45.57916667,-104.1108333,2005,0.1,MT
36.93666667,-92.90833333,2005,1,MO
48.74138889,-114.8763889,2005,0.3,MT
36.97944444,-92.99138889,2005,23,MO
33.66555556,-111.5741667,2005,0.1,AZ
36.65055556,-92.56388889,2005,30,MO
39.11555556,-120.7794444,2005,0.1,CA
32.77027778,-116.4583333,2005,0.6,CA
33.84277778,-111.2969444,2005,0.1,AZ
29.04555556,-81.61722222,2005,1,FL
29.17666667,-81.97166667,2005,0.25,FL
43.81277778,-124.1544444,2005,0.1,OR
34.74638889,-94.51666667,2005,81,OK
43.62305556,-103.5730556,2005,0.25,SD
36.89972222,-92.93194444,2005,3,MO
33.26083333,-111.1227778,2005,0.1,AZ
44.50166667,-122.1983333,2005,0.1,OR
45.20638889,-117.1002778,2005,0.1,OR
44.4,-122.6833333,2005,0.1,OR
45.26777778,-116.8605556,2005,0.1,OR
34.47666667,-111.4325,2005,0.3,AZ
34.78166667,-111.3783333,2005,0.1,AZ
45.18833333,-116.8513889,2005,0.25,OR
34.4625,-111.2766667,2005,0.1,AZ
34.46388889,-111.1530556,2005,0.1,AZ
44.6675,-122.2966667,2005,0.1,OR
44.60055556,-122.3011111,2005,0.1,OR
34.585,-111.0997222,2005,0.3,AZ
34.61944444,-111.2138889,2005,1,AZ
44.75722222,-121.8761111,2005,0.25,OR
45.78805556,-117.005,2005,0.1,OR
34.62111111,-111.3147222,2005,0.75,AZ
34.42944444,-111.5086111,2005,0.1,AZ
34.69472222,-111.3091667,2005,3,AZ
45.77888889,-117.8686111,2005,0.1,OR
34.43694444,-111.3219444,2005,1.25,AZ
34.44055556,-111.4352778,2005,0.75,AZ
45.76166667,-117.3069444,2005,0.1,OR
34.63083333,-111.0452778,2005,0.25,AZ
45.43361111,-117.4936111,2005,0.1,OR
44.83388889,-121.8163889,2005,0.1,OR
45.47888889,-117.5747222,2005,0.1,OR
44.05166667,-121.4088889,2005,0.1,OR
45.25472222,-117.1791667,2005,0.25,OR
45.16555556,-116.8908333,2005,0.1,OR
43.91194444,-121.4533333,2005,0.1,OR
45.07472222,-121.9319444,2005,0.1,OR
43.97666667,-121.4177778,2005,0.1,OR
29.38972222,-81.73638889,2005,0.1,FL
30.34027778,-84.26861111,2005,2.5,FL
45.24277778,-122.1230556,2005,0.1,OR
45.09,-121.8075,2005,0.1,OR
40.05694444,-120.7066667,2005,1,CA
45.1275,-121.7686111,2005,0.1,OR
45.6825,-121.2897222,2005,0.1,OR
34.58472222,-111.2705556,2005,0.1,AZ
34.53472222,-111.3269444,2005,0.1,AZ
34.61861111,-111.2422222,2005,0.1,AZ
34.60555556,-111.3802778,2005,0.1,AZ
34.54694444,-111.3125,2005,0.2,AZ
34.625,-111.2625,2005,0.1,AZ
30.28444444,-84.40027778,2005,0.94,FL
34.75722222,-111.0602778,2005,0.1,AZ
33.45972222,-110.4313889,2005,9,AZ
34.61333333,-111.1425,2005,0.1,AZ
34.41277778,-111.145,2005,0.1,AZ
34.51944444,-111.3644444,2005,0.1,AZ
34.39166667,-111.5847222,2005,0.1,AZ
34.41166667,-111.4058333,2005,1.5,AZ
44.34611111,-120.2830556,2005,0.1,OR
34.76777778,-111.4391667,2005,0.5,AZ
44.33944444,-120.2941667,2005,0.1,OR
34.74416667,-111.0969444,2005,50,AZ
34.45833333,-111.3708333,2005,0.5,AZ
43.80611111,-121.6761111,2005,0.3,OR
34.42027778,-111.4069444,2005,0.2,AZ
43.75305556,-121.6680556,2005,0.1,OR
44.02944444,-121.3955556,2005,0.1,OR
43.69916667,-121.8338889,2005,0.1,OR
44.03527778,-121.4225,2005,0.1,OR
43.5275,-121.0477778,2005,0.1,OR
43.47138889,-121.2816667,2005,0.1,OR
40.00472222,-121.2605556,2005,0.1,CA
33.61416667,-110.6038889,2005,0.1,AZ
40.48361111,-111.1,2005,0.1,UT
34.78638889,-111.2852778,2005,0.1,AZ
45.72416667,-117.2663889,2005,0.1,OR
34.855,-111.3641667,2005,0.1,AZ
34.715,-111.5019444,2005,0.1,AZ
34.71805556,-111.4811111,2005,0.1,AZ
33.56111111,-110.7627778,2005,42,AZ
34.5975,-111.2530556,2005,0.1,AZ
34.61,-111.3788889,2005,0.1,AZ
34.46722222,-111.2527778,2005,0.1,AZ
40.08472222,-111.4958333,2005,0.1,UT
33.43277778,-116.8602778,2005,0.1,CA
45.77416667,-117.0508333,2005,1,OR
44.41527778,-122.1086111,2005,0.1,OR
33.13277778,-116.7913889,2005,5,CA
44.74833333,-122.2263889,2005,0.1,OR
33.61166667,-116.8719444,2005,6,CA
40.41611111,-111.2911111,2005,0.1,UT
44.74666667,-122.155,2005,0.1,OR
45.76472222,-117.3705556,2005,0.1,OR
44.08333333,-118.6575,2005,0.1,OR
43.82944444,-119.0513889,2005,0.1,OR
34.805,-111.3808333,2005,0.4,AZ
34.53972222,-111.4444444,2005,0.1,AZ
33.55472222,-110.5819444,2005,0.1,AZ
47.00722222,-114.3911111,2005,0.1,MT
30.40083333,-84.55138889,2005,228,FL
34.75027778,-111.2502778,2005,0.1,AZ
34.49944444,-111.2736111,2005,0.1,AZ
34.53805556,-111.1952778,2005,0.3,AZ
34.52333333,-111.445,2005,0.1,AZ
41.91166667,-120.8997222,2005,0.25,CA
29.3225,-81.72666667,2005,0.5,FL
34.47138889,-111.4297222,2005,0.1,AZ
28.97055556,-81.59444444,2005,0.1,FL
43.87361111,-118.9669444,2005,0.01,OR
34.51972222,-111.16,2005,0.1,AZ
44.30222222,-122.0886111,2005,0.1,OR
29.19916667,-81.89916667,2005,17,FL
40.47111111,-123.5094444,2005,0.75,CA
40.8875,-123.5069444,2005,0.1,CA
40.16111111,-123.1597222,2005,0.1,CA
36.95638889,-92.95277778,2005,1,MO
36.9525,-92.94611111,2005,3,MO
36.95388889,-92.95444444,2005,1,MO
33.01166667,-108.0997222,2005,0.5,NM
36.125,-106.8163889,2005,0.25,NM
33.06972222,-108.2094444,2005,0.1,NM
43.04694444,-121.1738889,2005,0.1,OR
33.07861111,-108.0133333,2005,4,NM
42.43111111,-120.1544444,2005,0.1,OR
32.71444444,-116.46,2005,0.1,CA
32.68194444,-116.64,2005,124,CA
36.98055556,-92.99444444,2005,6,MO
36.82555556,-92.07111111,2005,3.9,MO
36.96722222,-92.10277778,2005,78.9,MO
33.2825,-108.5830556,2005,1,NM
36.62194444,-93.55638889,2005,1.3,MO
33.61333333,-108.5588889,2005,11936,NM
37.02972222,-92.12555556,2005,0.1,MO
36.82972222,-92.07416667,2005,0.1,MO
33.1275,-107.8683333,2005,5,NM
36.59861111,-93.76472222,2005,0.1,MO
33.24972222,-108.5677778,2005,0.25,NM
30.19444444,-82.55472222,2005,400,FL
29.15555556,-81.88416667,2005,11,FL
46.87166667,-114.6627778,2005,1.5,MT
29.075,-81.85416667,2005,4,FL
42.12194444,-123.0886111,2005,0.1,OR
29.06805556,-81.84777778,2005,0.1,FL
29.2775,-81.90444444,2005,0.1,FL
34.68722222,-93.82361111,2005,0.5,AR
43.54305556,-115.2841667,2005,0.25,ID
43.62805556,-115.2477778,2005,0.25,ID
43.54166667,-115.2505556,2005,0.25,ID
39.84138889,-111.8077778,2005,0.1,UT
45.9,-111.6166667,2005,0.1,MT
43.53583333,-115.2705556,2005,0.5,ID
37.74222222,-103.8605556,2005,245,CO
34.55638889,-111.4130556,2005,0.26,AZ
28.96833333,-81.53777778,2005,2,FL
34.66194444,-111.3086111,2005,0.1,AZ
30.21888889,-82.37805556,2005,0.1,FL
34.6275,-111.1680556,2005,0.1,AZ
29.11694444,-81.70388889,2005,1,FL
29.12166667,-81.72416667,2005,0.1,FL
28.98222222,-81.56555556,2005,2.5,FL
43.88333333,-103.4875,2005,0.5,SD
37.12638889,-118.3830556,2005,0.5,CA
43.43277778,-121.2763889,2005,0.1,OR
44.06083333,-121.4188889,2005,0.1,OR
43.71611111,-121.3216667,2005,0.1,OR
44.34444444,-115.5658333,2005,0.1,ID
36.31027778,-106.7938889,2005,0.25,NM
33.38694444,-108.5319444,2005,0.1,NM
38.12194444,-105.0002778,2005,2,CO
36.72666667,-92.93666667,2005,7.3,MO
36.80666667,-92.06472222,2005,0.1,MO
33.24277778,-108.0788889,2005,5.6,NM
38.16583333,-105.0552778,2005,0.25,CO
42.12,-120.9336111,2005,0.1,OR
42.90388889,-121.1419444,2005,0.1,OR
37.53166667,-112.8138889,2005,0.1,UT
38.12333333,-105.0444444,2005,0.1,CO
42.59055556,-120.8966667,2005,0.1,OR
36.67194444,-92.59972222,2005,0.5,MO
37.79722222,-90.92833333,2005,13.26,MO
42.81722222,-120.8894444,2005,0.1,OR
36.90388889,-92.98055556,2005,0.5,MO
37.51,-90.46333333,2005,8.77,MO
37.93555556,-91.21083333,2005,28.56,MO
36.88611111,-93.10333333,2005,0.5,MO
36.92083333,-92.92305556,2005,0.2,MO
37.94611111,-105.0161111,2005,0.1,CO
45.06722222,-111.8186111,2005,317,MT
45.46305556,-111.9411111,2005,0.1,MT
38.04916667,-105.0552778,2005,0.1,CO
43.63305556,-103.6755556,2005,1.1,SD
46.81944444,-114.7044444,2005,0.2,MT
36.9925,-92.18611111,2005,85,MO
45.41555556,-112.1180556,2005,6,MT
36.8675,-92.0875,2005,3,MO
38.35888889,-105.2961111,2005,0.1,CO
36.125,-106.5886111,2005,0.25,NM
38.11194444,-105.0716667,2005,0.1,CO
44.00638889,-122.2861111,2005,0.1,OR
37.92222222,-91.12944444,2005,22.07,MO
37.62,-91.10333333,2005,146.09,MO
36.72555556,-92.6675,2005,0.1,MO
36.65638889,-92.63138889,2005,76,MO
36.11055556,-106.5530556,2005,0.1,NM
37.96416667,-91.08277778,2005,387.29,MO
36.74722222,-92.98,2005,0.1,MO
37.85805556,-91.12,2005,156.1,MO
36.88861111,-92.04166667,2005,2.5,MO
37.49833333,-92.08861111,2005,21,MO
36.85333333,-92.09694444,2005,0.1,MO
36.84722222,-93.06,2005,2,MO
39.32888889,-105.2511111,2005,0.1,CO
45.44833333,-105.9552778,2005,2700,MT
44.35111111,-121.9975,2005,0.01,OR
38.16972222,-105.0380556,2005,11357,CO
43.69,-115.2388889,2005,0.1,ID
43.60111111,-115.93,2005,1,ID
43.48138889,-115.4080556,2005,0.5,ID
34.70277778,-93.81388889,2005,22,AR
48.86166667,-115.6077778,2005,0.1,MT
48.72944444,-114.7697222,2005,0.5,MT
48.56027778,-114.7786111,2005,1.5,MT
48.16333333,-115.835,2005,0.1,MT
48.10138889,-115.8888889,2005,0.25,MT
48.00194444,-116.0666667,2005,1.25,MT
48.38888889,-115.4788889,2005,0.25,MT
48.10888889,-115.8816667,2005,0.25,MT
48.36333333,-115.5388889,2005,0.1,MT
48.40833333,-115.5083333,2005,0.1,MT
48.40833333,-115.5083333,2005,0.1,MT
48.40833333,-115.5083333,2005,0.1,MT
48.34944444,-115.8938889,2005,0.25,MT
48.08972222,-115.7316667,2005,0.25,MT
48.53722222,-114.8611111,2005,1.3,MT
48.08916667,-115.7308333,2005,0.25,MT
48.88361111,-115.2855556,2005,4,MT
44.93416667,-107.8502778,2005,30,WY
44.89888889,-107.5033333,2005,12,WY
44.92722222,-107.7852778,2005,0.2,WY
44.6875,-107.7922222,2005,0.1,WY
44.28861111,-106.9236111,2005,0.25,WY
44.09833333,-107.2997222,2005,0.1,WY
47.03194444,-114.3522222,2005,0.1,MT
29.41805556,-81.72416667,2005,0.9,FL
44.28055556,-107.1733333,2005,0.1,WY
44.76111111,-107.2541667,2005,0.1,WY
47.01166667,-114.5005556,2005,0.1,MT
44.20416667,-107.1758333,2005,0.1,WY
39.94055556,-121.0336111,2005,0.25,CA
45.785,-113.2913889,2005,55,MT
45.82305556,-112.9555556,2005,0.1,MT
47.10916667,-114.605,2005,0.1,MT
45.48944444,-113.0244444,2005,0.5,MT
45.69,-113.2527778,2005,0.1,MT
45.07972222,-122.0536111,2005,0.1,OR
46.41611111,-112.9775,2005,0.1,MT
44.09972222,-122.2588889,2005,0.1,OR
29.12861111,-81.87166667,2005,0.1,FL
29.05611111,-81.63638889,2005,0.3,FL
45.72027778,-112.7630556,2005,0.1,MT
29.09527778,-81.89027778,2005,0.1,FL
45.02388889,-121.845,2005,0.5,OR
30.06666667,-84.61666667,2005,10,FL
29.21444444,-81.97222222,2005,0.25,FL
47.88305556,-91.785,2005,0.1,MN
29.15027778,-81.87833333,2005,1,FL
35.11888889,-111.8702778,2005,0.25,AZ
45.55527778,-122.175,2005,0.6,OR
45.78694444,-121.4008333,2005,7,WA
45.63305556,-121.1113889,2005,3,WA
45.70694444,-121.4852778,2005,0.01,OR
45.85861111,-112.9011111,2005,0.1,MT
45.22333333,-115.6633333,2005,4,ID
45.6825,-121.2897222,2005,3,OR
48.04583333,-91.8775,2005,0.3,MN
29.22138889,-81.87888889,2005,15,FL
45.09777778,-109.3780556,2005,0.1,MT
35.30416667,-111.5875,2005,0.1,AZ
45.24027778,-115.7833333,2005,0.1,ID
35.00416667,-111.9261111,2005,0.1,AZ
35.475,-111.7708333,2005,3,AZ
45.28027778,-115.7361111,2005,0.1,ID
35.03194444,-111.935,2005,0.2,AZ
29.41388889,-81.80638889,2005,21,FL
45.19083333,-115.4888889,2005,0.25,ID
45.10555556,-108.3422222,2005,0.1,MT
45.10222222,-116.1569444,2005,0.1,ID
35.245,-111.6363889,2005,0.1,AZ
45.7,-121.7238889,2005,2,WA
45.18444444,-115.4886111,2005,0.1,ID
29.00805556,-81.77888889,2005,0.1,FL
45.36111111,-116.2483333,2005,0.1,ID
35.12444444,-111.66,2005,0.1,AZ
45.24222222,-115.5830556,2005,0.2,ID
35.2075,-111.7372222,2005,0.1,AZ
45.33944444,-116.2597222,2005,0.1,ID
45.05194444,-116.1277778,2005,0.1,ID
45.57416667,-105.9330556,2005,0.5,MT
45.58416667,-105.9427778,2005,0.5,MT
45.66555556,-105.9661111,2005,3.3,MT
45.58805556,-105.9369444,2005,0.1,MT
36.08611111,-106.4716667,2005,1,NM
35.00833333,-111.7166667,2005,0.1,AZ
45.34722222,-105.9441667,2005,4.1,MT
35.02111111,-111.715,2005,0.1,AZ
44.99388889,-112.8944444,2005,70,MT
35.06888889,-111.6841667,2005,0.1,AZ
34.9625,-111.7083333,2005,0.1,AZ
34.97083333,-111.5416667,2005,0.1,AZ
35.01944444,-111.675,2005,0.1,AZ
35.06,-111.6902778,2005,0.1,AZ
34.70527778,-94.50222222,2005,2,OK
34.76222222,-94.48638889,2005,121,OK
34.73444444,-94.54611111,2005,14.5,OK
44.13416667,-103.7219444,2005,12.5,SD
34.36805556,-94.73361111,2005,0.5,OK
44.45527778,-104.0419444,2005,0.1,SD
37.11861111,-102.7280556,2005,206,CO
45.24861111,-113.1713889,2005,0.1,MT
39.39916667,-105.1916667,2005,0.1,CO
37.58361111,-103.5886111,2005,820,CO
45.4325,-112.97,2005,1,MT
35.44083333,-111.5158333,2005,0.1,AZ
30.16833333,-84.65027778,2005,1,FL
35.58333333,-111.8541667,2005,0.2,AZ
35.30916667,-111.4811111,2005,0.1,AZ
35.34527778,-111.4663889,2005,0.1,AZ
29.36638889,-81.83777778,2005,2,FL
45.6875,-121.3280556,2005,13,OR
37.54222222,-102.3419444,2005,595,CO
35.24583333,-111.8125,2005,0.1,AZ
37.73,-118.9475,2005,0.1,CA
35.20138889,-111.5102778,2005,0.25,AZ
35.24833333,-111.6230556,2005,0.1,AZ
35.16055556,-111.6244444,2005,0.25,AZ
35.31027778,-111.7111111,2005,0.1,AZ
45.67916667,-121.8505556,2005,0.1,OR
47.00555556,-114.6975,2005,0.1,MT
36.8625,-92.05333333,2005,0.1,MO
36.83305556,-92.11638889,2005,1,MO
36.28583333,-106.7511111,2005,0.1,NM
36.98222222,-92.99166667,2005,2,MO
36.80666667,-92.06388889,2005,1,MO
44.67972222,-115.6522222,2005,0.1,ID
36.9775,-92.995,2005,2,MO
43.96916667,-103.9297222,2005,0.25,SD
37.80027778,-112.1088889,2005,0.1,UT
37.00722222,-92.20583333,2005,9.1,MO
44.6875,-115.7125,2005,0.25,ID
36.77555556,-92.76555556,2005,3.1,MO
36.82527778,-92.97666667,2005,7,MO
37.03694444,-92.1475,2005,51,MO
38.13277778,-112.1652778,2005,0.1,UT
37.0325,-91.95638889,2005,40,MO
36.78083333,-92.80055556,2005,190,MO
37.51194444,-91.97111111,2005,58.2,MO
45.55194444,-121.3805556,2005,0.1,OR
37.51277778,-91.96527778,2005,39.35,MO
36.79638889,-92.93944444,2005,2,MO
38.36638889,-105.2527778,2005,0.14,CO
34.42277778,-94.1325,2005,185,AR
37.61361111,-92.09861111,2005,45.12,MO
38.26805556,-105.2630556,2005,0.1,CO
36.83777778,-93.04222222,2005,0.1,MO
44.68944444,-118.0283333,2005,0.1,OR
45.17611111,-118.5766667,2005,0.1,OR
33.27333333,-111.2208333,2005,0.25,AZ
44.58527778,-118.1163889,2005,0.75,OR
44.59333333,-117.6455556,2005,0.1,OR
44.5275,-117.8663889,2005,2,OR
44.30416667,-118.1566667,2005,10,OR
44.72805556,-118.0533333,2005,1.3,OR
45.01611111,-119.2561111,2005,54.5,OR
45.02972222,-119.2466667,2005,24,OR
45.84055556,-117.9658333,2005,0.1,OR
45.17611111,-118.5766667,2005,0.1,OR
37.58833333,-92.28638889,2005,101.87,MO
36.20611111,-106.8244444,2005,0.1,NM
35.39666667,-111.5013889,2005,0.1,AZ
36.81777778,-92.07333333,2005,1.5,MO
37.53555556,-92.35138889,2005,47.44,MO
35.33388889,-111.6038889,2005,0.1,AZ
35.29416667,-111.4941667,2005,0.1,AZ
35.26972222,-111.7647222,2005,0.1,AZ
35.01611111,-111.8252778,2005,0.1,AZ
36.755,-92.74944444,2005,0.1,MO
36.98166667,-93.02972222,2005,8,MO
35.03138889,-111.8727778,2005,0.1,AZ
35.24055556,-111.5944444,2005,0.1,AZ
35.39222222,-111.4830556,2005,0.1,AZ
40.50972222,-110.9552778,2005,0.1,UT
44.6425,-116.1638889,2005,0.25,ID
44.09444444,-118.8136111,2005,0.2,OR
40.015,-111.2383333,2005,0.5,UT
44.09027778,-118.8088889,2005,0.5,OR
44.44388889,-116.1663889,2005,0.1,ID
44.40777778,-115.6494444,2005,0.1,ID
45.19833333,-121.6811111,2005,0.1,OR
45.51222222,-121.7538889,2005,0.26,OR
39.95166667,-120.9144444,2005,0.1,CA
38.00527778,-105.0552778,2005,0.1,CO
46.41388889,-112.9758333,2005,0.1,MT
45.27027778,-121.7347222,2005,0.1,OR
43.425,-122.3755556,2005,0.1,OR
37.4975,-92.02277778,2005,5.7,MO
37.63638889,-91.89805556,2005,592,MO
46.00972222,-113.8452778,2005,0.1,MT
46.00972222,-113.8452778,2005,0.1,MT
45.19916667,-121.6813889,2005,0.1,OR
45.42805556,-121.5697222,2005,0.1,OR
44.08305556,-118.8194444,2005,0.1,OR
46.37861111,-113.5305556,2005,0.25,MT
36.11722222,-106.4594444,2005,0.25,NM
46.9775,-114.8441667,2005,0.25,MT
33.55,-110.7680556,2005,0.1,AZ
44.05444444,-118.8055556,2005,0.1,OR
46.72388889,-111.7080556,2005,0.1,MT
40.28083333,-121.5738889,2005,0.1,CA
40.09305556,-120.91,2005,0.1,CA
43.82944444,-119.0513889,2005,0.1,OR
46.77777778,-111.885,2005,0.25,MT
43.86916667,-119.5069444,2005,0.1,OR
45.84055556,-117.9658333,2005,0.1,OR
44.96305556,-116.4458333,2005,0.1,ID
45.11361111,-116.46,2005,0.1,ID
39.23555556,-105.2458333,2005,0.5,CO
44.81638889,-115.4363889,2005,0.1,ID
44.64944444,-115.7275,2005,0.1,ID
45.45222222,-118.2016667,2005,0.1,OR
44.64083333,-115.8105556,2005,0.1,ID
45.84083333,-118.0677778,2005,1977,OR
45.255,-118.7797222,2005,0.3,OR
44.81138889,-115.4922222,2005,0.1,ID
44.81444444,-115.4377778,2005,0.1,ID
40.14944444,-111.4144444,2005,0.5,UT
40.11583333,-111.3263889,2005,0.5,UT
40.61055556,-111.6361111,2005,0.25,UT
40.07888889,-111.3730556,2005,1,UT
44.63388889,-115.7916667,2005,0.1,ID
44.635,-115.8083333,2005,0.1,ID
35.2375,-111.8013889,2005,0.1,AZ
35.34055556,-111.5086111,2005,0.1,AZ
44.79277778,-115.5144444,2005,0.1,ID
43.94861111,-121.3780556,2005,17.7,OR
34.98027778,-111.9308333,2005,0.1,AZ
35.37694444,-111.4541667,2005,0.1,AZ
44.84027778,-115.5719444,2005,0.1,ID
34.99333333,-111.76,2005,0.1,AZ
34.9825,-111.7683333,2005,0.1,AZ
42.03111111,-123.1705556,2005,0.1,OR
44.58944444,-115.6816667,2005,0.5,ID
42.62527778,-122.3177778,2005,0.1,OR
43.06305556,-122.6677778,2005,0.1,OR
40.19027778,-111.5519444,2005,0.1,UT
42.83138889,-122.8277778,2005,0.1,OR
35.33638889,-83.89722222,2005,2,NC
35.28,-83.87611111,2005,2,NC
34.21333333,-94.74027778,2005,3,OK
35.42194444,-83.42194444,2005,1,NC
34.65138889,-94.64861111,2005,0.5,OK
37.48805556,-112.3011111,2005,0.1,UT
41.27055556,-111.8638889,2005,0.1,UT
39.38277778,-105.4716667,2005,0.25,CO
40.5375,-111.7819444,2005,0.1,UT
37.99027778,-112.325,2005,0.3,UT
40.68222222,-110.9941667,2005,0.1,UT
38.95361111,-105.3141667,2005,0.25,CO
40.71277778,-111.6111111,2005,0.1,UT
40.89805556,-110.7677778,2005,0.1,UT
39.3575,-105.7661111,2005,0.1,CO
43.07805556,-122.265,2005,0.1,OR
43.46944444,-121.1627778,2005,0.2,OR
41.67777778,-111.3458333,2005,0.1,UT
41.77833333,-111.4608333,2005,0.5,UT
34.38694444,-94.64111111,2005,1,OK
41.60055556,-111.5597222,2005,0.1,UT
40.41194444,-112.6275,2005,0.25,UT
34.08611111,-94.66166667,2005,10,OK
45.32638889,-109.3083333,2005,6,MT
40.76166667,-111.8108333,2005,0.1,UT
40.61944444,-111.7338889,2005,0.13,UT
43.46944444,-121.8916667,2005,0.1,OR
43.4675,-121.8591667,2005,0.7,OR
44.20888889,-119.6561111,2005,0.1,OR
43.66833333,-121.5208333,2005,0.1,OR
40.81472222,-110.8247222,2005,0.1,UT
43.99222222,-120.4230556,2005,3.2,OR
45.18972222,-118.5736111,2005,1,OR
40.38138889,-112.5669444,2005,0.1,UT
45.08305556,-117.5291667,2005,0.2,OR
41.80666667,-111.5116667,2005,0.1,UT
45.06111111,-118.5452778,2005,0.25,OR
41.70527778,-111.59,2005,0.1,UT
40.64777778,-111.1905556,2005,0.25,UT
45.32138889,-118.4463889,2005,2.6,OR
45.80138889,-104.5061111,2005,0.25,MT
33.71388889,-108.8402778,2005,0.25,NM
33.61138889,-108.8713889,2005,135,NM
33.78027778,-108.6866667,2005,0.1,NM
33.72388889,-108.5638889,2005,1,NM
33.42583333,-108.6141667,2005,0.1,NM
33.76277778,-108.5008333,2005,3.3,NM
38.95472222,-105.4863889,2005,0.1,CO
33.41111111,-108.6138889,2005,0.1,NM
33.86527778,-108.4508333,2005,0.1,NM
33.69472222,-108.3819444,2005,0.1,NM
44.45472222,-103.86,2005,0.1,SD
38.9225,-105.4291667,2005,4.3,CO
38.95833333,-120.7216667,2005,0.3,CA
33.74305556,-108.4933333,2005,7.1,NM
44.42166667,-103.7597222,2005,0.2,SD
40.53583333,-111.75,2005,0.1,UT
40.83055556,-110.9525,2005,0.1,UT
41.71138889,-112.0238889,2005,50,UT
44.465,-104.0013889,2005,32,SD
44.43416667,-103.9983333,2005,0.1,SD
41.38305556,-112.0169444,2005,0.25,UT
44.38472222,-103.6177778,2005,775,SD
33.68888889,-108.9413889,2005,5.2,NM
41.70388889,-111.6988889,2005,0.1,UT
38.90138889,-120.37,2005,0.1,CA
41.69083333,-111.45,2005,0.1,UT
44.4475,-103.9022222,2005,0.5,SD
38.885,-120.3533333,2005,0.1,CA
41.62555556,-111.6463889,2005,0.1,UT
41.77027778,-111.6255556,2005,18,UT
44.38388889,-103.5361111,2005,0.25,SD
33.71111111,-108.9638889,2005,0.25,NM
33.86388889,-108.4158333,2005,0.1,NM
44.22972222,-103.9563889,2005,0.1,SD
38.94,-120.8433333,2005,0.1,CA
37.80138889,-118.935,2005,0.1,CA
44.18527778,-103.965,2005,0.1,SD
38.94527778,-120.7233333,2005,0.1,CA
44.18055556,-103.7780556,2005,0.25,SD
37.65194444,-119.0513889,2005,0.1,CA
38.91833333,-120.7616667,2005,0.3,CA
33.46777778,-108.6238889,2005,0.1,NM
37.75083333,-118.7680556,2005,0.1,CA
38.89833333,-120.7994444,2005,0.1,CA
44.36527778,-103.4983333,2005,8.5,SD
37.60166667,-118.8852778,2005,0.1,CA
38.77666667,-120.9119444,2005,0.1,CA
44.30055556,-103.5794444,2005,1,SD
39.00833333,-120.1833333,2005,0.1,CA
44.29388889,-103.9938889,2005,0.6,SD
37.60111111,-118.8688889,2005,0.1,CA
38.94333333,-120.07,2005,0.1,CA
38.94111111,-120.0516667,2005,0.1,CA
39,-119.8716667,2005,0.3,NV
35.23138889,-93.60305556,2005,0.1,AR
45.885,-114.1608333,2005,0.1,MT
36.11055556,-106.6952778,2005,0.1,NM
45.99694444,-114.0455556,2005,0.1,MT
33.99916667,-108.7916667,2005,0.1,NM
33.59444444,-108.6166667,2005,4.85,NM
36.45611111,-106.9144444,2005,0.5,NM
33.72555556,-108.8913889,2005,1.8,NM
33.6125,-108.8719444,2005,0.1,NM
42.79333333,-120.8719444,2005,0.3,OR
42.78027778,-120.9713889,2005,0.3,OR
36.09361111,-106.9286111,2005,0.1,NM
45.13444444,-121.5372222,2005,1,OR
44.47083333,-118.3805556,2005,0.5,OR
35.86305556,-106.8213889,2005,4.9,NM
36.13583333,-115.6966667,2005,60,NV
33.68055556,-108.4233333,2005,0.1,NM
33.71611111,-108.615,2005,0.25,NM
46.12916667,-114.3636111,2005,0.3,MT
45.10666667,-121.7811111,2005,0.1,OR
46.23222222,-113.2322222,2005,0.1,MT
44.44694444,-118.4827778,2005,0.25,OR
46.81638889,-111.8694444,2005,5,MT
36.13305556,-115.7,2005,4.8,NV
46.18222222,-113.825,2005,0.2,MT
38.11888889,-120.3511111,2005,2,CA
45.90222222,-114.1688889,2005,0.1,MT
44.54694444,-118.4938889,2005,1,OR
36.32944444,-115.6141667,2005,0.4,NV
46.225,-113.9225,2005,1,MT
46.89277778,-111.7725,2005,0.1,MT
46.81888889,-111.6297222,2005,1,MT
36.13777778,-115.7111111,2005,4.7,NV
44.19361111,-103.3938889,2005,3959,SD
46.02,-114.2255556,2005,0.4,MT
45.26555556,-121.9352778,2005,0.1,OR
46.2225,-113.9427778,2005,0.3,MT
44.3125,-103.8494444,2005,0.3,SD
44.31861111,-103.8586111,2005,0.4,SD
44.14555556,-103.6133333,2005,0.1,SD
48.45833333,-116.9666667,2005,0.1,ID
33.62611111,-108.8716667,2005,0.1,NM
43.85833333,-115.8008333,2005,0.1,ID
46.09833333,-114.2430556,2005,1.1,MT
33.76583333,-108.7216667,2005,0.1,NM
44.29944444,-103.6672222,2005,0.1,SD
44.37194444,-104.1741667,2005,3025,WY
45.16055556,-118.64,2005,0.25,OR
38.99055556,-105.3836111,2005,0.1,CO
38.15222222,-120.2188889,2005,5,CA
45.12638889,-118.64,2005,0.25,OR
36.08166667,-106.7130556,2005,0.1,NM
44.45361111,-104.0138889,2005,1.5,SD
33.34972222,-116.6663889,2005,0.1,CA
46.44583333,-111.9411111,2005,0.1,MT
36.01444444,-115.5694444,2005,2.8,NV
37.65166667,-118.8183333,2005,0.1,CA
36.40361111,-115.7691667,2005,0.1,NV
36.43555556,-115.7838889,2005,0.1,NV
44.65722222,-115.6755556,2005,0.75,ID
44.66277778,-115.6822222,2005,0.1,ID
36.37444444,-115.7572222,2005,0.1,NV
36.09416667,-115.5652778,2005,32,NV
34.31861111,-117.9263889,2005,0.1,CA
36.23333333,-115.7833333,2005,2.8,NV
39.33527778,-120.6063889,2005,0.1,CA
34.15944444,-117.92,2005,0.1,CA
38.17638889,-118.7141667,2005,0.1,NV
44.35611111,-114.4408333,2005,0.25,ID
43.80583333,-111.3341667,2005,0.1,ID
47.08194444,-110.8225,2005,1.6,MT
36.24138889,-115.6494444,2005,0.1,NV
36.29555556,-115.785,2005,0.1,NV
38.19138889,-111.3688889,2005,0.1,UT
36.13527778,-115.6758333,2005,28,NV
46.84527778,-110.2761111,2005,0.2,MT
44.49583333,-111.3502778,2005,0.1,ID
46.66055556,-110.5672222,2005,0.1,MT
44.79805556,-114.475,2005,0.25,ID
40.96694444,-123.6444444,2005,0.1,CA
44.62166667,-115.1216667,2005,0.1,ID
43.66555556,-122.3136111,2005,0.1,OR
36.15083333,-115.6461111,2005,0.1,NV
41.84777778,-123.9569444,2005,0.25,CA
33.26611111,-116.7786111,2005,0.1,CA
34.23555556,-117.6555556,2005,0.1,CA
35.93138889,-115.5158333,2005,0.5,NV
36.31694444,-115.6227778,2005,0.1,NV
46.69666667,-110.5283333,2005,0.1,MT
34.22972222,-117.7727778,2005,0.1,CA
47.04472222,-110.6338889,2005,0.1,MT
34.16555556,-117.9047222,2005,3,CA
47.86694444,-90.5575,2005,0.1,MN
48.09111111,-90.69194444,2005,0.1,MN
48.07555556,-90.56055556,2005,0.1,MN
46.94833333,-110.6147222,2005,0.1,MT
37.44944444,-92.27472222,2005,5,MO
46.71333333,-110.9058333,2005,0.1,MT
37.42944444,-92.09083333,2005,138,MO
38.97277778,-105.4561111,2005,0.1,CO
46.90805556,-110.6747222,2005,0.1,MT
46.75166667,-110.6680556,2005,0.1,MT
47.07861111,-111.1247222,2005,1,MT
43.9075,-122.28,2005,0.25,OR
46.81666667,-109.5833333,2005,0.15,MT
37.51583333,-92.40666667,2005,37,MO
47.06722222,-110.7280556,2005,0.1,MT
39.09277778,-105.4316667,2005,0.1,CO
43.93305556,-122.2830556,2005,0.1,OR
47.04472222,-110.6338889,2005,0.1,MT
37.53555556,-92.41444444,2005,107,MO
45.39777778,-121.5716667,2005,0.1,OR
46.99722222,-110.9705556,2005,0.2,MT
43.96055556,-122.5111111,2005,0.1,OR
47.54611111,-113.0416667,2005,0.33,MT
47.87111111,-91.72611111,2005,0.5,MN
47.54611111,-113.0416667,2005,0.33,MT
47.54583333,-113.0502778,2005,0.1,MT
38.74027778,-112.515,2005,0.1,UT
46.92166667,-110.5666667,2005,0.1,MT
47.70666667,-91.64333333,2005,0.25,MN
48.89194444,-117.0211111,2005,0.25,ID
39.32888889,-106.0602778,2005,0.1,CO
43.70861111,-122.2908333,2005,0.1,OR
48.70666667,-117.0983333,2005,0.3,WA
43.57027778,-122.3372222,2005,0.1,OR
44.39194444,-120.3413889,2005,0.1,OR
47.78805556,-91.94444444,2005,0.25,MN
43.79527778,-122.0852778,2005,4,OR
47.87111111,-91.70055556,2005,0.1,MN
48.82333333,-117.0544444,2005,1,WA
43.49833333,-121.1408333,2005,0.1,OR
42.26361111,-121.3363889,2005,0.1,OR
43.80194444,-122.5613889,2005,0.1,OR
47.73916667,-91.86444444,2005,0.25,MN
48.80111111,-117.0619444,2005,0.1,WA
43.73777778,-122.4511111,2005,0.2,OR
39.14833333,-105.0983333,2005,0.1,CO
48.575,-116.8833333,2005,0.1,ID
43.91638889,-122.5497222,2005,1,OR
47.95888889,-91.80833333,2005,0.1,MN
43.59638889,-122.1186111,2005,0.25,OR
38.78833333,-104.9141667,2005,0.1,CO
47.79555556,-91.52527778,2005,1,MN
43.44027778,-121.895,2005,0.1,OR
43.74805556,-122.4452778,2005,2.5,OR
44.90083333,-111.8344444,2005,0.1,MT
43.89972222,-122.1663889,2005,0.3,OR
38.8975,-104.9119444,2005,0.1,CO
33.28138889,-116.8502778,2005,2,CA
33.33277778,-116.9663889,2005,1,CA
48.3825,-114.0294444,2005,1,MT
48.80555556,-114.4638889,2005,0.1,MT
38.74027778,-112.515,2005,0.1,UT
47.87944444,-113.4961111,2005,0.5,MT
47.81888889,-113.4472222,2005,0.1,MT
47.67638889,-113.4366667,2005,0.25,MT
47.55055556,-113.3072222,2005,0.1,MT
38.56694444,-112.45,2005,0.1,UT
38.38777778,-111.5647222,2005,0.1,UT
48.29083333,-113.9480556,2005,0.1,MT
38.36944444,-112.1011111,2005,0.1,UT
45.1775,-116.2261111,2005,7,ID
45.08666667,-116.4161111,2005,0.1,ID
34.24861111,-117.8636111,2005,0.1,CA
39.33861111,-119.8561111,2005,0.1,NV
39.45055556,-120.0075,2005,0.1,CA
34.24805556,-117.8408333,2005,2,CA
43.64388889,-121.1888889,2005,0.5,OR
48.48305556,-117.0244444,2005,0.1,ID
34.16777778,-117.7686111,2005,0.1,CA
34.26638889,-117.8358333,2005,5,CA
48.79222222,-116.9236111,2005,0.3,ID
43.88888889,-121.38,2005,0.2,OR
34.53361111,-110.89,2005,0.1,AZ
34.52638889,-110.905,2005,0.2,AZ
33.87277778,-111.2955556,2005,2,AZ
44.41666667,-120.3672222,2005,2,OR
34.30444444,-110.9116667,2005,0.1,AZ
33.37055556,-116.7497222,2005,0.1,CA
44.90055556,-121.8836111,2005,0.1,OR
34.3375,-110.7736111,2005,5.7,AZ
43.60555556,-121.2052778,2005,0.1,OR
44.4575,-121.8477778,2005,0.1,OR
44.39555556,-120.6183333,2005,34,OR
43.51666667,-121.18,2005,0.3,OR
34.21972222,-117.8691667,2005,20,CA
43.72083333,-121.8266667,2005,0.1,OR
44.41944444,-119.9919444,2005,0.1,OR
45.27027778,-121.9419444,2005,0.1,OR
35.68555556,-94.01861111,2005,33,AR
35.96694444,-92.23388889,2005,3,AR
48.44444444,-116.0477778,2005,0.1,MT
34.16611111,-94.885,2005,0.75,OK
34.16583333,-94.88527778,2005,1,OK
45.76361111,-116.0975,2005,0.1,ID
46.30111111,-115.7327778,2005,0.1,ID
45.90666667,-115.81,2005,0.1,ID
46.50055556,-114.7091667,2005,0.1,ID
48.37833333,-114.4983333,2005,0.1,MT
46.47472222,-114.7736111,2005,0.1,ID
45.28777778,-113.4091667,2005,0.1,MT
46.43194444,-114.9225,2005,0.1,ID
45.92222222,-115.7238889,2005,0.3,ID
36.76305556,-107.2933333,2005,0.1,NM
46.06972222,-115.6794444,2005,0.25,ID
45.87638889,-115.8838889,2005,0.25,ID
45.93777778,-115.8255556,2005,0.1,ID
44.8425,-107.4091667,2005,0.1,WY
45.65833333,-113.9083333,2005,0.1,MT
37.06944444,-119.3494444,2005,0.3,CA
38.89888889,-104.9222222,2005,0.1,CO
45.87583333,-115.9225,2005,0.8,ID
45.56111111,-113.8055556,2005,0.1,MT
45.97722222,-115.7997222,2005,0.1,ID
46.80944444,-115.1713889,2005,0.25,ID
47.57472222,-113.2986111,2005,0.25,MT
38.8975,-104.9163889,2005,0.1,CO
45.75055556,-115.8038889,2005,0.2,ID
46.86222222,-115.0977778,2005,0.25,ID
37.75138889,-119.0166667,2005,20,CA
43.71555556,-122.4219444,2005,2,OR
46.03527778,-115.7313889,2005,0.1,ID
38.73833333,-104.9094444,2005,0.1,CO
46.89222222,-115.0669444,2005,1,ID
48.03527778,-113.7194444,2005,0.2,MT
37.68472222,-118.5844444,2005,0.1,CA
48.13138889,-113.7383333,2005,0.1,MT
45.72083333,-114.0327778,2005,0.25,MT
46.0025,-114.2186111,2005,0.1,MT
45.55138889,-116.1619444,2005,0.25,ID
46.08555556,-114.2519444,2005,0.1,MT
45.51527778,-115.9583333,2005,0.25,ID
39.03166667,-105.0113889,2005,0.1,CO
34.50611111,-119.7505556,2005,1,CA
34.74583333,-119.0622222,2005,0.1,CA
38.7375,-104.9736111,2005,0.1,CO
38.73277778,-104.9016667,2005,0.1,CO
39.13527778,-105.0622222,2005,1,CO
39.03305556,-105.0177778,2005,0.1,CO
39.05388889,-105.2036111,2005,0.1,CO
38.89805556,-104.9136111,2005,0.25,CO
38.85305556,-104.9636111,2005,0.5,CO
40.41388889,-123.5172222,2005,0.1,CA
39.04611111,-105.0761111,2005,0.1,CO
39.07916667,-105.0447222,2005,0.1,CO
39.15305556,-105.1005556,2005,0.1,CO
39.08194444,-104.8947222,2005,0.1,CO
39.04916667,-104.9883333,2005,0.1,CO
45.50666667,-116.1866667,2005,0.1,ID
33.29305556,-110.8125,2005,0.75,AZ
45.46361111,-116.1994444,2005,0.5,ID
44.61277778,-116.2561111,2005,0.1,ID
43.92027778,-103.9511111,2005,1.1,SD
44.55916667,-116.2591667,2005,0.1,ID
44.69833333,-116.2516667,2005,0.5,ID
44.06888889,-115.6111111,2005,0.1,ID
44.25027778,-118.75,2005,0.25,OR
44.24916667,-115.5816667,2005,0.1,ID
40.49361111,-112.5838889,2005,0.1,UT
44.18,-118.8472222,2005,0.5,OR
43.90305556,-121.1613889,2005,0.1,OR
44.61527778,-118.6138889,2005,0.1,OR
45.52805556,-116.2433333,2005,0.25,ID
43.76333333,-121.3244444,2005,1,OR
41.37666667,-123.4483333,2005,0.1,CA
45.62833333,-116.29,2005,0.1,ID
45.05111111,-109.425,2005,1,MT
44.31138889,-107.2780556,2005,0.1,WY
45.35055556,-116.4991667,2005,2.3,ID
44.85527778,-107.9838889,2005,0.1,WY
43.69,-109.9941667,2005,0.1,WY
46.65166667,-114.4388889,2005,0.1,ID
46.22833333,-115.6016667,2005,0.2,ID
46.43666667,-114.9377778,2005,0.75,ID
46.4575,-114.8688889,2005,0.1,ID
46.48694444,-114.8686111,2005,2,ID
41.80416667,-124.0586111,2005,0.1,CA
41.88277778,-123.8483333,2005,0.1,CA
42.00055556,-120.2477778,2005,0.25,OR
45.79416667,-115.2947222,2005,0.1,ID
42.55694444,-108.745,2005,0.1,WY
45.51277778,-116.1266667,2005,0.1,ID
40.26944444,-123.32,2005,0.1,CA
48.08888889,-91.99416667,2005,0.1,MN
47.94694444,-91.52416667,2005,0.25,MN
47.88722222,-91.79472222,2005,0.4,MN
38.74083333,-104.9397222,2005,0.1,CO
45.59305556,-116.0330556,2005,0.25,ID
39.03527778,-105.0941667,2005,0.1,CO
43.57111111,-85.97916667,2005,2,MI
48.09305556,-91.7525,2005,0.5,MN
43.54916667,-122.1819444,2005,0.1,OR
48.29083333,-116.1391667,2005,0.3,ID
48.22833333,-92.42333333,2005,0.92,MN
45.53166667,-116.0322222,2005,0.5,ID
39.35972222,-105.4416667,2005,0.25,CO
45.57111111,-115.9619444,2005,0.25,ID
45.57,-115.9344444,2005,0.25,ID
46.65388889,-111.6497222,2005,14.5,MT
42.01111111,-123.1536111,2005,0.1,OR
43.55305556,-121.9608333,2005,0.1,OR
39.21805556,-105.0725,2005,0.1,CO
35.35,-111.7522222,2005,0.1,AZ
45.10472222,-116.3625,2005,0.1,ID
35.55972222,-105.4633333,2005,0.1,NM
39.07,-104.93,2005,0.2,CO
45.25694444,-116.8941667,2005,0.1,OR
39.03861111,-104.985,2005,0.1,CO
43.73194444,-121.4227778,2005,0.1,OR
45.76111111,-117.1341667,2005,0.2,OR
42.90916667,-122.5777778,2005,0.4,OR
44.27111111,-121.5638889,2005,0.3,OR
34.66638889,-93.89138889,2005,2.2,AR
42.11944444,-122.7052778,2005,0.3,OR
34.52861111,-94.24888889,2005,33,AR
43.81611111,-119.4066667,2005,0.1,OR
42.10611111,-122.7077778,2005,0.1,OR
44.24777778,-122.3472222,2005,4,OR
42.09472222,-122.7294444,2005,0.1,OR
44.57833333,-116.1583333,2005,0.1,ID
34.69222222,-93.54083333,2005,0.6,AR
33.53472222,-108.8172222,2005,8,NM
43.49444444,-115.2511111,2005,15,ID
44.34666667,-115.5816667,2005,0.1,ID
44.23972222,-115.7091667,2005,0.1,ID
47.20333333,-115.9883333,2005,0.1,ID
45.16194444,-118.7455556,2005,150,OR
34.21333333,-94.76166667,2005,3,OK
36.37972222,-106.8144444,2005,0.1,NM
36.18277778,-106.7486111,2005,0.1,NM
36.37166667,-106.6788889,2005,0.1,NM
35.92055556,-106.2208333,2005,0.1,NM
36.09361111,-106.7844444,2005,0.1,NM
45.53722222,-111.5877778,2006,90,MT
35.87944444,-92.90638889,2005,21,AR
36.16583333,-106.8744444,2005,0.1,NM
35.83444444,-106.38,2005,0.1,NM
35.83444444,-106.38,2005,0.1,NM
35.10944444,-106.3908333,2005,2.75,NM
36.09611111,-106.5886111,2005,0.1,NM
36.08861111,-106.3930556,2005,0.1,NM
36.07583333,-106.3952778,2005,0.1,NM
36.20916667,-106.7844444,2005,0.1,NM
35.975,-105.7591667,2005,0.1,NM
36.07416667,-106.3841667,2005,0.1,NM
36.22638889,-106.4641667,2005,0.1,NM
36.09611111,-106.4641667,2005,0.5,NM
36.22361111,-106.8563889,2005,0.1,NM
35.82916667,-93.06722222,2005,9,AR
39.61861111,-121.0338889,2005,0.1,CA
46.45222222,-112.0211111,2005,0.1,MT
35.79888889,-93.04805556,2005,1,AR
46.77805556,-111.2611111,2005,1.5,MT
36.13194444,-92.32944444,2005,0.2,AR
46.55166667,-114.7983333,2005,0.1,ID
46.36527778,-115.6002778,2005,0.1,ID
35.79805556,-93.01611111,2005,2,AR
46.57111111,-114.6919444,2005,0.1,ID
36.085,-92.1525,2005,2.5,AR
47.02611111,-112.5686111,2005,0.1,MT
46.22277778,-115.5775,2005,0.1,ID
46.61583333,-114.5883333,2005,0.1,ID
35.79972222,-93.15583333,2005,30,AR
36.03583333,-92.30111111,2005,0.5,AR
47.15666667,-112.6583333,2005,0.6,MT
45.26083333,-121.75,2005,0.1,OR
35.79,-93.13333333,2005,4.2,AR
38.79527778,-106.205,2005,0.1,CO
46.87916667,-115.0780556,2005,0.1,ID
39.69444444,-121.0613889,2005,0.1,CA
39.59194444,-120.925,2005,0.1,CA
45.995,-115.3402778,2005,0.1,ID
39.64972222,-120.9047222,2005,0.2,CA
39.41861111,-120.0827778,2005,0.1,CA
39.31638889,-120.2258333,2005,0.25,CA
46.42777778,-114.93,2005,0.1,ID
39.74055556,-120.4497222,2005,0.1,CA
45.90111111,-115.7336111,2005,0.1,ID
45.37305556,-116.4091667,2005,14.3,ID
39.73333333,-120.4336111,2005,0.1,CA
45.98222222,-115.3936111,2005,0.1,ID
45.87111111,-115.7097222,2005,0.1,ID
45.5075,-116.1447222,2005,0.25,ID
46.87722222,-115.7127778,2005,0.25,ID
39.40805556,-120.1116667,2005,0.25,CA
45.83277778,-115.3066667,2005,0.1,ID
39.62694444,-120.5688889,2005,0.1,CA
38.0625,-119.2408333,2005,0.25,CA
39.43777778,-120.5938889,2005,0.3,CA
39.61972222,-120.5861111,2005,0.1,CA
39.26388889,-120.6436111,2005,0.1,CA
39.45555556,-120.0475,2005,0.1,CA
39.23305556,-120.2497222,2005,0.1,CA
39.51277778,-120.2047222,2005,0.1,CA
39.53305556,-120.3527778,2005,0.1,CA
39.35388889,-120.4713889,2005,0.1,CA
35.80027778,-93.07166667,2005,1.15,AR
30.15833333,-82.445,2005,5,FL
43.94416667,-82.99027778,2005,66,MI
35.80194444,-93.07416667,2005,1.3,AR
41.48444444,-106.6036111,2005,1,WY
30.0925,-84.53277778,2005,10,FL
36.05777778,-92.43055556,2005,3,AR
36.03805556,-106.4461111,2005,0.1,NM
36.05861111,-92.43416667,2005,0.2,AR
35.86055556,-106.3905556,2005,0.1,NM
35.87916667,-106.4019444,2005,0.1,NM
48.03888889,-113.7433333,2005,0.1,MT
48.35666667,-113.9272222,2005,0.1,MT
36.03805556,-106.3572222,2005,0.1,NM
43.43,-85.80666667,2005,1.5,MI
36.08166667,-106.4641667,2005,0.1,NM
41.00638889,-106.8633333,2005,0.1,WY
43.59083333,-85.80416667,2005,0.1,MI
45.735,-115.1283333,2005,0.1,ID
45.70361111,-115.4408333,2005,0.1,ID
45.86416667,-112.4588889,2005,0.5,MT
46.22694444,-113.6138889,2005,0.1,MT
46.79583333,-110.5763889,2005,22,MT
46.21388889,-113.6880556,2005,0.25,MT
45.47527778,-116.6441667,2005,0.1,OR
35.73333333,-105.8311111,2005,0.1,NM
46.93027778,-113.2569444,2005,0.1,MT
48.84138889,-114.4083333,2005,0.1,MT
46.33361111,-113.6311111,2005,0.1,MT
48.42222222,-114.6038889,2005,0.1,MT
44.24944444,-115.5011111,2005,3.5,ID
45.86,-115.3047222,2005,1.1,ID
46.0075,-113.4691667,2005,0.1,MT
43.45361111,-85.7925,2005,2,MI
46.48472222,-113.5511111,2005,0.1,MT
40.10083333,-111.4775,2005,0.2,UT
46.695,-113.7211111,2005,0.1,MT
46.49333333,-113.5633333,2005,2,MT
45.68333333,-115.6263889,2005,0.1,ID
45.86055556,-112.4680556,2005,0.1,MT
46.09722222,-113.6805556,2005,0.1,MT
46.22277778,-113.6188889,2005,0.1,MT
43.51861111,-85.63527778,2005,2,MI
41.18194444,-106.4858333,2005,0.25,WY
48.25777778,-113.5791667,2005,0.1,MT
40.58083333,-106.6022222,2005,0.1,CO
45.80083333,-115.1775,2005,0.1,ID
43.59,-85.74111111,2005,0.1,MI
45.66083333,-116.2952778,2005,50,ID
46.20083333,-113.2452778,2005,0.2,MT
44.13722222,-86.24111111,2005,0.1,MI
45.94027778,-115.7797222,2005,0.1,ID
43.815,-85.91333333,2005,5,MI
45.14805556,-117.0477778,2005,0.1,OR
48.65222222,-114.3708333,2005,0.1,MT
44.32555556,-115.5494444,2005,0.1,ID
45.7275,-117.2211111,2005,1,OR
46.64861111,-115.0661111,2005,0.1,ID
40.10722222,-111.4366667,2005,0.1,UT
46.27611111,-111.6136111,2005,15,MT
43.61833333,-85.69277778,2005,0.5,MI
45.98527778,-115.4011111,2005,0.1,ID
46.79388889,-115.1455556,2005,0.1,ID
40.59444444,-111.7486111,2005,10,UT
44.21388889,-85.59611111,2005,0.1,MI
46.14777778,-115.7341667,2005,0.1,ID
45.83027778,-117.0811111,2005,0.5,OR
41.4125,-106.2830556,2005,0.1,WY
45.88777778,-115.3080556,2005,0.1,ID
44.215,-85.71916667,2005,2,MI
48.80861111,-114.7036111,2005,0.1,MT
48.6325,-114.4133333,2005,0.1,MT
45.4575,-115.5233333,2005,1,ID
44.14972222,-85.78305556,2005,0.1,MI
48.82583333,-114.5647222,2005,0.1,MT
35.90638889,-106.6625,2005,0.1,NM
46.47527778,-114.7736111,2005,0.1,ID
48.45833333,-114.6266667,2005,0.1,MT
43.24777778,-122.2788889,2005,0.1,OR
37.68027778,-104.0597222,2005,995,CO
47.55833333,-113,2005,0.1,MT
48.49111111,-113.8772222,2005,0.1,MT
45.72083333,-117.2888889,2005,0.6,OR
46.21305556,-115.6225,2005,0.1,ID
45.74194444,-116.8897222,2005,0.25,OR
44.09694444,-118.7755556,2005,0.1,OR
45.11361111,-116.8538889,2005,0.25,OR
46.26055556,-110.4980556,2005,0.1,MT
45.49861111,-116.6575,2005,0.1,OR
48.08305556,-114.3272222,2005,0.1,MT
45.21138889,-117.5663889,2005,1,OR
45.70916667,-117.2994444,2005,0.5,OR
45.77138889,-115.6558333,2005,0.1,ID
45.19111111,-117.015,2005,0.25,OR
46.3675,-115.5811111,2005,0.1,ID
45.40694444,-117.7894444,2005,0.1,OR
45.91944444,-115.7077778,2005,0.1,ID
44.87972222,-118.7891667,2005,20.5,OR
35.84333333,-93.05027778,2005,65,AR
48.49583333,-115.8666667,2005,0.2,MT
45.62194444,-115.6513889,2005,0.1,ID
45.39972222,-116.4680556,2005,0.1,ID
45.40055556,-116.4675,2005,0.1,ID
35.68777778,-93.3775,2005,2.4,AR
39.57638889,-122.9336111,2005,0.25,CA
45.86138889,-115.275,2005,0.1,ID
43.63277778,-85.77194444,2005,1,MI
45.37583333,-116.4825,2005,0.1,ID
46.31555556,-114.6877778,2005,247,ID
43.3875,-85.7975,2005,0.2,MI
40.18,-121.5375,2005,0.25,CA
44.64444444,-116.1880556,2005,0.25,ID
35.61972222,-93.41638889,2005,0.1,AR
43.67638889,-85.56916667,2005,0.1,MI
39.60833333,-122.9583333,2005,0.25,CA
43.62083333,-85.78416667,2005,24,MI
44.81,-121.8775,2005,0.01,OR
43.30833333,-122.4966667,2005,0.1,OR
35.62,-93.41638889,2005,0.1,AR
35.61527778,-93.425,2005,3.3,AR
39.66388889,-123.0402778,2005,0.1,CA
35.74166667,-93.77805556,2005,2.8,AR
41.10555556,-107.2105556,2005,0.1,WY
39.66527778,-123.0402778,2005,0.1,CA
41.40777778,-106.5122222,2005,0.1,WY
43.62555556,-85.78777778,2005,0.1,MI
34.53333333,-93.75083333,2005,3,AR
41.56833333,-106.2836111,2005,0.1,WY
38.53833333,-120.25,2005,0.1,CA
43.93111111,-85.92361111,2005,3,MI
43.49083333,-85.59638889,2005,0.1,MI
43.71111111,-85.90777778,2005,4,MI
40.80416667,-111.8238889,2005,4,UT
43.29361111,-122.5008333,2005,0.1,OR
45.53777778,-122.2391667,2005,10,OR
38.53472222,-120.2013889,2005,0.1,CA
41.57944444,-111.3947222,2005,0.21,UT
44.53944444,-117.1363889,2005,0.1,ID
38.55805556,-120.2527778,2005,0.25,CA
45.43722222,-121.2438889,2005,0.1,OR
41.31027778,-107.175,2005,7,WY
38.41694444,-119.9116667,2005,3.5,CA
38.53666667,-120.1880556,2005,0.1,CA
41.985,-111.5675,2005,2,UT
40.885,-122.3836111,2005,0.1,CA
38.58527778,-120.2969444,2005,0.1,CA
38.635,-120.1816667,2005,0.1,CA
45.545,-115.6327778,2005,0.1,ID
45.51916667,-115.3752778,2005,0.1,ID
45.57055556,-115.4847222,2005,0.1,ID
40.40222222,-123.2333333,2005,0.1,CA
36.79111111,-107.2494444,2005,0.3,NM
45.61388889,-115.7069444,2005,0.5,ID
34.94305556,-93.59416667,2005,43,AR
33.46861111,-116.9330556,2005,0.1,CA
35.6925,-93.76805556,2005,2.1,AR
41.98444444,-111.5722222,2005,0.1,UT
34.64,-93.47444444,2005,1,AR
35.89555556,-106.4519444,2005,0.1,NM
45.62166667,-115.7466667,2005,0.1,ID
45.51666667,-115.5222222,2005,0.1,ID
36.625,-84.20194444,2005,1.5,KY
45.85,-115.7016667,2005,0.3,ID
37.34888889,-84.00694444,2005,0.1,KY
43.7175,-103.5597222,2005,0.1,SD
39.67388889,-121.0097222,2005,0.1,CA
32.90444444,-105.5583333,2005,0.1,NM
41.84416667,-111.4755556,2005,0.5,UT
44.32638889,-115.5452778,2005,0.25,ID
40.57472222,-111.69,2005,0.1,UT
45.63305556,-113.3497222,2005,3,MT
44.18638889,-115.645,2005,4.5,ID
33.15972222,-79.84361111,2005,0.1,SC
45.565,-115.5166667,2005,0.1,ID
33.00166667,-79.74666667,2005,0.25,SC
33.04666667,-79.70138889,2005,17,SC
32.91833333,-105.8066667,2005,0.1,NM
45.73527778,-115.5580556,2005,0.3,ID
38.85916667,-115.3208333,2005,5,NV
40.60166667,-111.7305556,2005,2,UT
40.67527778,-111.6213889,2005,0.5,UT
45.6025,-115.2013889,2005,1,ID
45.75722222,-115.7258333,2005,0.1,ID
39.13305556,-120.2497222,2005,0.1,CA
45.67166667,-115.6427778,2005,0.1,ID
39.12,-120.2702778,2005,0.1,CA
39.33,-120.0897222,2005,0.1,CA
39.60666667,-120.6247222,2005,0.1,CA
39.49944444,-120.7788889,2005,0.1,CA
39.73027778,-120.4566667,2005,0.1,CA
39.51638889,-120.2997222,2005,0.1,CA
47.13666667,-94.45416667,2005,0.1,MN
47.98388889,-90.41361111,2005,5,MN
32.98722222,-105.5725,2005,0.1,NM
32.99777778,-105.665,2005,0.1,NM
32.75083333,-105.4627778,2005,0.1,NM
34.61138889,-93.66,2005,25,AR
43.41944444,-85.71388889,2005,0.1,MI
48.04555556,-90.96361111,2005,1,MN
38.70666667,-82.66972222,2005,303,OH
43.5075,-85.92194444,2005,2,MI
43.88888889,-85.07805556,2005,1,MI
34.53972222,-93.31583333,2005,2,AR
44.12888889,-86.31055556,2005,0.5,MI
32.94416667,-105.6294444,2005,0.1,NM
34.19194444,-93.19305556,2005,2,AR
36.84666667,-84.27027778,2005,4,KY
44.15944444,-85.86611111,2005,2,MI
34.19444444,-94.7975,2005,0.25,OK
34.60416667,-93.64722222,2005,77,AR
44.14222222,-85.93166667,2005,1,MI
37.53833333,-84.03305556,2005,3,KY
32.97972222,-105.7836111,2005,0.1,NM
34.0875,-94.66833333,2005,6,OK
34.75083333,-76.98527778,2005,3,NC
43.56916667,-85.83083333,2005,0.25,MI
34.06416667,-94.61083333,2005,3,OK
43.66888889,-85.88388889,2005,0.25,MI
34.08416667,-94.66694444,2005,13.5,OK
32.63722222,-105.5955556,2005,14.6,NM
47.11527778,-115.4902778,2005,1,ID
44.07777778,-104.0391667,2005,2,SD
34.72194444,-94.90972222,2005,112,OK
34.53888889,-94.55972222,2005,4.5,OK
43.65555556,-85.70555556,2005,3,MI
45.67694444,-115.6455556,2005,0.2,ID
44.18166667,-85.94111111,2005,0.1,MI
32.67833333,-105.73,2005,0.3,NM
44.13972222,-85.87472222,2005,0.1,MI
43.86055556,-85.89944444,2005,0.75,MI
44.17694444,-104.0188889,2005,0.5,SD
32.74944444,-105.7505556,2005,0.1,NM
44.21138889,-85.72,2005,0.1,MI
33,-105.7902778,2005,0.1,NM
36.62277778,-84.50305556,2005,0.5,KY